adtEndDd,adtFrDd,clCd,clCdNm,curAmt,npayCd,npayKorNm,sgguCd,sgguCdNm,sidoCd,sidoCdNm,sno,urlAddr,yadmNm,yadmNpayCdNm,ykiho
99991231,20250903,21,병원,40000,EB4620000,"초음파검사료(진단초음파)/근골격, 연부-관절 초음파/발가락 ",110001,강남구,110000,서울,44,http://www.cdrusk.co.kr/renewal/sub/sub07/sub0701.php?ptype=view&idx=5815&page=1&code=payment,청담병원,"근골격,연부-관절 일반초음파-발가락(편측)",JDQ4MTg4MSM1MSMkMSMkMCMkOTkkMzgxMzUxIzMxIyQxIyQ3IyQ5MiQzNjE4MzIjNTEjJDEjJDIjJDgz
99991231,20250903,21,병원,10000,PDZ110004,제증명수수료/진료기록영상/CD,110001,강남구,110000,서울,20,http://www.cdrusk.co.kr/renewal/sub/sub07/sub0701.php?ptype=view&idx=5815&page=1&code=payment,청담병원,CD복사,JDQ4MTg4MSM1MSMkMSMkMCMkOTkkMzgxMzUxIzMxIyQxIyQ3IyQ5MiQzNjE4MzIjNTEjJDEjJDIjJDgz
99991231,20250903,21,병원,40000,EB4610000,"초음파검사료(진단초음파)/근골격, 연부-관절 초음파/손가락 ",110001,강남구,110000,서울,43,http://www.cdrusk.co.kr/renewal/sub/sub07/sub0701.php?ptype=view&idx=5815&page=1&code=payment,청담병원,"근골격,연부-관절 일반초음파-손가락(편측)",JDQ4MTg4MSM1MSMkMSMkMCMkOTkkMzgxMzUxIzMxIyQxIyQ3IyQ5MiQzNjE4MzIjNTEjJDEjJDIjJDgz
99991231,20260109,21,병원,330000,ABZ010001,상급병실료/1인실,110001,강남구,110000,서울,3,http://www.cdrusk.co.kr/renewal/sub/sub07/sub0701.php?ptype=view&idx=5815&page=1&code=payment,청담병원,1인실(B),JDQ4MTg4MSM1MSMkMSMkMCMkOTkkMzgxMzUxIzMxIyQxIyQ3IyQ5MiQzNjE4MzIjNTEjJDEjJDIjJDgz
99991231,20250903,21,병원,100000,PDZ140002,제증명수수료/향후진료비추정서/천만원 이상,110001,강남구,110000,서울,25,http://www.cdrusk.co.kr/renewal/sub/sub07/sub0701.php?ptype=view&idx=5815&page=1&code=payment,청담병원,향후진료비추정서(천만원이상),JDQ4MTg4MSM1MSMkMSMkMCMkOTkkMzgxMzUxIzMxIyQxIyQ3IyQ5MiQzNjE4MzIjNTEjJDEjJDIjJDgz
99991231,20250903,21,병원,1000,PDZ160000,제증명수수료/제증명서 사본,110001,강남구,110000,서울,29,http://www.cdrusk.co.kr/renewal/sub/sub07/sub0701.php?ptype=view&idx=5815&page=1&code=payment,청담병원,사망진단서 사본,JDQ4MTg4MSM1MSMkMSMkMCMkOTkkMzgxMzUxIzMxIyQxIyQ3IyQ5MiQzNjE4MzIjNTEjJDEjJDIjJDgz
99991231,20250903,21,병원,40000,PDZ100000,제증명수수료/국민연금 장애 심사용 진단서,110001,강남구,110000,서울,18,http://www.cdrusk.co.kr/renewal/sub/sub07/sub0701.php?ptype=view&idx=5815&page=1&code=payment,청담병원,국민연금 장애 심사용 진단서,JDQ4MTg4MSM1MSMkMSMkMCMkOTkkMzgxMzUxIzMxIyQxIyQ3IyQ5MiQzNjE4MzIjNTEjJDEjJDIjJDgz
99991231,20260109,21,병원,110000,FZ6850000,기능 검사료(신경계 기능검사)/섭식장애평가,110001,강남구,110000,서울,86,http://www.cdrusk.co.kr/renewal/sub/sub07/sub0701.php?ptype=view&idx=5815&page=1&code=payment,청담병원,섭식장애평가,JDQ4MTg4MSM1MSMkMSMkMCMkOTkkMzgxMzUxIzMxIyQxIyQ3IyQ5MiQzNjE4MzIjNTEjJDEjJDIjJDgz
99991231,20260109,21,병원,55000,SZ0840000,처치 및 수술료(근골)/체외충격파치료[근골격계질환],110001,강남구,110000,서울,34,http://www.cdrusk.co.kr/renewal/sub/sub07/sub0701.php?ptype=view&idx=5815&page=1&code=payment,청담병원,체외충격파치치료(0),JDQ4MTg4MSM1MSMkMSMkMCMkOTkkMzgxMzUxIzMxIyQxIyQ3IyQ5MiQzNjE4MzIjNTEjJDEjJDIjJDgz
99991231,20260109,21,병원,420000,EZ7770000,"기능 검사료(외피, 근골 기능 검사)/동적 족저압측정",110001,강남구,110000,서울,94,http://www.cdrusk.co.kr/renewal/sub/sub07/sub0701.php?ptype=view&idx=5815&page=1&code=payment,청담병원,회복기-GVA-W(동적족저압측정),JDQ4MTg4MSM1MSMkMSMkMCMkOTkkMzgxMzUxIzMxIyQxIyQ3IyQ5MiQzNjE4MzIjNTEjJDEjJDIjJDgz
99991231,20250903,21,병원,35000,3Z5201106,예방접종료/인플루엔자(독감)/지씨플루쿼드리밸런트프리필드시린지주,110001,강남구,110000,서울,88,http://www.cdrusk.co.kr/renewal/sub/sub07/sub0701.php?ptype=view&idx=5815&page=1&code=payment,청담병원,지씨플루퀴드리밸런트주,JDQ4MTg4MSM1MSMkMSMkMCMkOTkkMzgxMzUxIzMxIyQxIyQ3IyQ5MiQzNjE4MzIjNTEjJDEjJDIjJDgz
99991231,20250903,21,병원,80000,EB4710000,"초음파검사료(진단초음파)/근골격, 연부-연부조직 초음파/정밀 ",110001,강남구,110000,서울,99,http://www.cdrusk.co.kr/renewal/sub/sub07/sub0701.php?ptype=view&idx=5815&page=1&code=payment,청담병원,"근골격,연부-관절 정밀초음파-(2)(편측)",JDQ4MTg4MSM1MSMkMSMkMCMkOTkkMzgxMzUxIzMxIyQxIyQ3IyQ5MiQzNjE4MzIjNTEjJDEjJDIjJDgz
99991231,20260109,21,병원,840000,EZ7770000,"기능 검사료(외피, 근골 기능 검사)/동적 족저압측정",110001,강남구,110000,서울,96,http://www.cdrusk.co.kr/renewal/sub/sub07/sub0701.php?ptype=view&idx=5815&page=1&code=payment,청담병원,GVA-W(동적 족저압 측정),JDQ4MTg4MSM1MSMkMSMkMCMkOTkkMzgxMzUxIzMxIyQxIyQ3IyQ5MiQzNjE4MzIjNTEjJDEjJDIjJDgz
99991231,20260109,21,병원,69000,QZ9620000,처치 및 수술료(기타)/경두개자기자극술,110001,강남구,110000,서울,68,http://www.cdrusk.co.kr/renewal/sub/sub07/sub0701.php?ptype=view&idx=5815&page=1&code=payment,청담병원,rTMS(경두개자기자극치료),JDQ4MTg4MSM1MSMkMSMkMCMkOTkkMzgxMzUxIzMxIyQxIyQ3IyQ5MiQzNjE4MzIjNTEjJDEjJDIjJDgz
99991231,20250903,21,병원,80000,MY1420000,이학요법료/증식치료/사지관절부위,110001,강남구,110000,서울,55,http://www.cdrusk.co.kr/renewal/sub/sub07/sub0701.php?ptype=view&idx=5815&page=1&code=payment,청담병원,MY142 (사지관절부위 증식치료),JDQ4MTg4MSM1MSMkMSMkMCMkOTkkMzgxMzUxIzMxIyQxIyQ3IyQ5MiQzNjE4MzIjNTEjJDEjJDIjJDgz
99991231,20260109,21,병원,840000,EZ7770000,"기능 검사료(외피, 근골 기능 검사)/동적 족저압측정",110001,강남구,110000,서울,95,http://www.cdrusk.co.kr/renewal/sub/sub07/sub0701.php?ptype=view&idx=5815&page=1&code=payment,청담병원,GVA-2(동적 족저압 측정),JDQ4MTg4MSM1MSMkMSMkMCMkOTkkMzgxMzUxIzMxIyQxIyQ3IyQ5MiQzNjE4MzIjNTEjJDEjJDIjJDgz
99991231,20250903,21,병원,40000,EB4650000,"초음파검사료(진단초음파)/근골격, 연부-관절 초음파/고관절",110001,강남구,110000,서울,46,http://www.cdrusk.co.kr/renewal/sub/sub07/sub0701.php?ptype=view&idx=5815&page=1&code=payment,청담병원,"근골격,연부-관절 일반초음파-고관절(편측)",JDQ4MTg4MSM1MSMkMSMkMCMkOTkkMzgxMzUxIzMxIyQxIyQ3IyQ5MiQzNjE4MzIjNTEjJDEjJDIjJDgz
99991231,20250903,21,병원,120000,3Z5201701,예방접종료/폐렴구균/프리베나13주,110001,강남구,110000,서울,91,http://www.cdrusk.co.kr/renewal/sub/sub07/sub0701.php?ptype=view&idx=5815&page=1&code=payment,청담병원,폐렴예방주사1(프리베나 13주),JDQ4MTg4MSM1MSMkMSMkMCMkOTkkMzgxMzUxIzMxIyQxIyQ3IyQ5MiQzNjE4MzIjNTEjJDEjJDIjJDgz
99991231,20260109,21,병원,190000,FZ6890000,기능 검사료(신경계 기능검사)/언어전반진단검사,110001,강남구,110000,서울,59,http://www.cdrusk.co.kr/renewal/sub/sub07/sub0701.php?ptype=view&idx=5815&page=1&code=payment,청담병원,언어평가 1(1회)(비급여),JDQ4MTg4MSM1MSMkMSMkMCMkOTkkMzgxMzUxIzMxIyQxIyQ3IyQ5MiQzNjE4MzIjNTEjJDEjJDIjJDgz
99991231,20250903,21,병원,1000,PDZ160000,제증명수수료/제증명서 사본,110001,강남구,110000,서울,30,http://www.cdrusk.co.kr/renewal/sub/sub07/sub0701.php?ptype=view&idx=5815&page=1&code=payment,청담병원,진단서 추가사본,JDQ4MTg4MSM1MSMkMSMkMCMkOTkkMzgxMzUxIzMxIyQxIyQ3IyQ5MiQzNjE4MzIjNTEjJDEjJDIjJDgz
99991231,20250903,21,병원,1000,PDZ110101,제증명수수료/진료기록사본/1~5매,110001,강남구,110000,서울,74,http://www.cdrusk.co.kr/renewal/sub/sub07/sub0701.php?ptype=view&idx=5815&page=1&code=payment,청담병원,진료기록사본(1~5),JDQ4MTg4MSM1MSMkMSMkMCMkOTkkMzgxMzUxIzMxIyQxIyQ3IyQ5MiQzNjE4MzIjNTEjJDEjJDIjJDgz
99991231,20250903,21,병원,100000,PDZ070003,제증명수수료/후유장애진단서,110001,강남구,110000,서울,14,http://www.cdrusk.co.kr/renewal/sub/sub07/sub0701.php?ptype=view&idx=5815&page=1&code=payment,청담병원,후유장애진단서,JDQ4MTg4MSM1MSMkMSMkMCMkOTkkMzgxMzUxIzMxIyQxIyQ3IyQ5MiQzNjE4MzIjNTEjJDEjJDIjJDgz
99991231,20250903,21,병원,40000,EB4660000,"초음파검사료(진단초음파)/근골격, 연부-관절 초음파/견관절",110001,강남구,110000,서울,47,http://www.cdrusk.co.kr/renewal/sub/sub07/sub0701.php?ptype=view&idx=5815&page=1&code=payment,청담병원,"근골격,연부-관절 일반초음파-견관절(편측)",JDQ4MTg4MSM1MSMkMSMkMCMkOTkkMzgxMzUxIzMxIyQxIyQ3IyQ5MiQzNjE4MzIjNTEjJDEjJDIjJDgz
99991231,20260109,21,병원,37000,CZ3940000,검체검사료/인플루엔자 A·B 바이러스항원검사[현장검사],110001,강남구,110000,서울,40,http://www.cdrusk.co.kr/renewal/sub/sub07/sub0701.php?ptype=view&idx=5815&page=1&code=payment,청담병원,인플루엔자Kit검사,JDQ4MTg4MSM1MSMkMSMkMCMkOTkkMzgxMzUxIzMxIyQxIyQ3IyQ5MiQzNjE4MzIjNTEjJDEjJDIjJDgz
99991231,20260109,21,병원,110000,EZ7770000,"기능 검사료(외피, 근골 기능 검사)/동적 족저압측정",110001,강남구,110000,서울,93,http://www.cdrusk.co.kr/renewal/sub/sub07/sub0701.php?ptype=view&idx=5815&page=1&code=payment,청담병원,동적족저압측정-관절보행,JDQ4MTg4MSM1MSMkMSMkMCMkOTkkMzgxMzUxIzMxIyQxIyQ3IyQ5MiQzNjE4MzIjNTEjJDEjJDIjJDgz
99991231,20250903,21,병원,10000,PDZ030000,제증명수수료/사망진단서,110001,강남구,110000,서울,11,http://www.cdrusk.co.kr/renewal/sub/sub07/sub0701.php?ptype=view&idx=5815&page=1&code=payment,청담병원,사망진단서,JDQ4MTg4MSM1MSMkMSMkMCMkOTkkMzgxMzUxIzMxIyQxIyQ3IyQ5MiQzNjE4MzIjNTEjJDEjJDIjJDgz
99991231,20260109,21,병원,180000,MX1220000,이학요법료/도수치료,110001,강남구,110000,서울,52,http://www.cdrusk.co.kr/renewal/sub/sub07/sub0701.php?ptype=view&idx=5815&page=1&code=payment,청담병원,도수치료 2(비급여),JDQ4MTg4MSM1MSMkMSMkMCMkOTkkMzgxMzUxIzMxIyQxIyQ3IyQ5MiQzNjE4MzIjNTEjJDEjJDIjJDgz
99991231,20250903,21,병원,95000,EB4890000,초음파검사료(진단초음파)/혈관-사지혈관 도플러 초음파/하지 정맥류,110001,강남구,110000,서울,97,http://www.cdrusk.co.kr/renewal/sub/sub07/sub0701.php?ptype=view&idx=5815&page=1&code=payment,청담병원,혈관압박 초음파검사(편측),JDQ4MTg4MSM1MSMkMSMkMCMkOTkkMzgxMzUxIzMxIyQxIyQ3IyQ5MiQzNjE4MzIjNTEjJDEjJDIjJDgz
99991231,20260109,21,병원,75000,MZ0090000,이학요법료/전산화 인지재활치료[주의·기억],110001,강남구,110000,서울,72,http://www.cdrusk.co.kr/renewal/sub/sub07/sub0701.php?ptype=view&idx=5815&page=1&code=payment,청담병원,전산화 인지재활치료  [주의·기억-2],JDQ4MTg4MSM1MSMkMSMkMCMkOTkkMzgxMzUxIzMxIyQxIyQ3IyQ5MiQzNjE4MzIjNTEjJDEjJDIjJDgz
99991231,20250903,21,병원,100000,FY8910000,기능 검사료(신경계 기능검사)/자율신경계이상검사/기립성혈압검사,110001,강남구,110000,서울,89,http://www.cdrusk.co.kr/renewal/sub/sub07/sub0701.php?ptype=view&idx=5815&page=1&code=payment,청담병원,자율신경계이상검사,JDQ4MTg4MSM1MSMkMSMkMCMkOTkkMzgxMzUxIzMxIyQxIyQ3IyQ5MiQzNjE4MzIjNTEjJDEjJDIjJDgz
99991231,20250903,21,병원,120000,EB4710000,"초음파검사료(진단초음파)/근골격, 연부-연부조직 초음파/정밀 ",110001,강남구,110000,서울,101,http://www.cdrusk.co.kr/renewal/sub/sub07/sub0701.php?ptype=view&idx=5815&page=1&code=payment,청담병원,"근골격,연부-관절 정밀초음파-(4)(편측)",JDQ4MTg4MSM1MSMkMSMkMCMkOTkkMzgxMzUxIzMxIyQxIyQ3IyQ5MiQzNjE4MzIjNTEjJDEjJDIjJDgz
99991231,20250903,21,병원,20000,PDZ010000,제증명수수료/진단서/일반,110001,강남구,110000,서울,8,http://www.cdrusk.co.kr/renewal/sub/sub07/sub0701.php?ptype=view&idx=5815&page=1&code=payment,청담병원,진단서(일반),JDQ4MTg4MSM1MSMkMSMkMCMkOTkkMzgxMzUxIzMxIyQxIyQ3IyQ5MiQzNjE4MzIjNTEjJDEjJDIjJDgz
99991231,20250903,21,병원,28000,MZ0070000,이학요법료/신장분사치료,110001,강남구,110000,서울,70,http://www.cdrusk.co.kr/renewal/sub/sub07/sub0701.php?ptype=view&idx=5815&page=1&code=payment,청담병원,신장분사치료(stretch and spray therapy)(2근육),JDQ4MTg4MSM1MSMkMSMkMCMkOTkkMzgxMzUxIzMxIyQxIyQ3IyQ5MiQzNjE4MzIjNTEjJDEjJDIjJDgz
99991231,20260109,21,병원,270000,MX1220000,이학요법료/도수치료,110001,강남구,110000,서울,71,http://www.cdrusk.co.kr/renewal/sub/sub07/sub0701.php?ptype=view&idx=5815&page=1&code=payment,청담병원,도수치료 3(비급여),JDQ4MTg4MSM1MSMkMSMkMCMkOTkkMzgxMzUxIzMxIyQxIyQ3IyQ5MiQzNjE4MzIjNTEjJDEjJDIjJDgz
99991231,20260109,21,병원,190000,EB4820000,초음파검사료(진단초음파)/혈관-두개외 혈관 도플러 초음파/경동맥,110001,강남구,110000,서울,61,http://www.cdrusk.co.kr/renewal/sub/sub07/sub0701.php?ptype=view&idx=5815&page=1&code=payment,청담병원,경동맥초음파,JDQ4MTg4MSM1MSMkMSMkMCMkOTkkMzgxMzUxIzMxIyQxIyQ3IyQ5MiQzNjE4MzIjNTEjJDEjJDIjJDgz
99991231,20250903,21,병원,10000,PDZ010002,제증명수수료/진단서/근로능력평가용,110001,강남구,110000,서울,10,http://www.cdrusk.co.kr/renewal/sub/sub07/sub0701.php?ptype=view&idx=5815&page=1&code=payment,청담병원,근로능력평가용진단서,JDQ4MTg4MSM1MSMkMSMkMCMkOTkkMzgxMzUxIzMxIyQxIyQ3IyQ5MiQzNjE4MzIjNTEjJDEjJDIjJDgz
99991231,20250903,21,병원,60000,EB4710000,"초음파검사료(진단초음파)/근골격, 연부-연부조직 초음파/정밀 ",110001,강남구,110000,서울,98,http://www.cdrusk.co.kr/renewal/sub/sub07/sub0701.php?ptype=view&idx=5815&page=1&code=payment,청담병원,"근골격,연부-관절 정밀초음파-(1)(편측)",JDQ4MTg4MSM1MSMkMSMkMCMkOTkkMzgxMzUxIzMxIyQxIyQ3IyQ5MiQzNjE4MzIjNTEjJDEjJDIjJDgz
99991231,20250903,21,병원,180000,3Z5200302,예방접종료/대상포진/조스타박스주,110001,강남구,110000,서울,69,http://www.cdrusk.co.kr/renewal/sub/sub07/sub0701.php?ptype=view&idx=5815&page=1&code=payment,청담병원,조스타박스주,JDQ4MTg4MSM1MSMkMSMkMCMkOTkkMzgxMzUxIzMxIyQxIyQ3IyQ5MiQzNjE4MzIjNTEjJDEjJDIjJDgz
99991231,20250903,21,병원,1000,PDZ160000,제증명수수료/제증명서 사본,110001,강남구,110000,서울,28,http://www.cdrusk.co.kr/renewal/sub/sub07/sub0701.php?ptype=view&idx=5815&page=1&code=payment,청담병원,기타증명서 추가사본,JDQ4MTg4MSM1MSMkMSMkMCMkOTkkMzgxMzUxIzMxIyQxIyQ3IyQ5MiQzNjE4MzIjNTEjJDEjJDIjJDgz
99991231,20250903,21,병원,80000,SZ0840000,처치 및 수술료(근골)/체외충격파치료[근골격계질환],110001,강남구,110000,서울,5,http://www.cdrusk.co.kr/renewal/sub/sub07/sub0701.php?ptype=view&idx=5815&page=1&code=payment,청담병원,체외충격파치료(1) [근골격계질환],JDQ4MTg4MSM1MSMkMSMkMCMkOTkkMzgxMzUxIzMxIyQxIyQ3IyQ5MiQzNjE4MzIjNTEjJDEjJDIjJDgz
99991231,20250903,21,병원,20000,PDE010001,제증명수수료/영문진단서/일반,110001,강남구,110000,서울,31,http://www.cdrusk.co.kr/renewal/sub/sub07/sub0701.php?ptype=view&idx=5815&page=1&code=payment,청담병원,영문진단서(일반),JDQ4MTg4MSM1MSMkMSMkMCMkOTkkMzgxMzUxIzMxIyQxIyQ3IyQ5MiQzNjE4MzIjNTEjJDEjJDIjJDgz
99991231,20250903,21,병원,100,PDZ110102,제증명수수료/진료기록사본/6매 이상,110001,강남구,110000,서울,75,http://www.cdrusk.co.kr/renewal/sub/sub07/sub0701.php?ptype=view&idx=5815&page=1&code=payment,청담병원,진료기록사본(6매이상),JDQ4MTg4MSM1MSMkMSMkMCMkOTkkMzgxMzUxIzMxIyQxIyQ3IyQ5MiQzNjE4MzIjNTEjJDEjJDIjJDgz
99991231,20250903,21,병원,1000,PDZ160000,제증명수수료/제증명서 사본,110001,강남구,110000,서울,104,http://www.cdrusk.co.kr/renewal/sub/sub07/sub0701.php?ptype=view&idx=5815&page=1&code=payment,청담병원,입퇴원확인서(1장 추가당),JDQ4MTg4MSM1MSMkMSMkMCMkOTkkMzgxMzUxIzMxIyQxIyQ3IyQ5MiQzNjE4MzIjNTEjJDEjJDIjJDgz
99991231,20250903,21,병원,40000,PDZ070001,제증명수수료/장애 정도 심사용 진단서/신체적장애,110001,강남구,110000,서울,12,http://www.cdrusk.co.kr/renewal/sub/sub07/sub0701.php?ptype=view&idx=5815&page=1&code=payment,청담병원,장애진단서(일반장애),JDQ4MTg4MSM1MSMkMSMkMCMkOTkkMzgxMzUxIzMxIyQxIyQ3IyQ5MiQzNjE4MzIjNTEjJDEjJDIjJDgz
99991231,20250903,21,병원,150000,PDZ020002,제증명수수료/상해진단서/3주 이상,110001,강남구,110000,서울,23,http://www.cdrusk.co.kr/renewal/sub/sub07/sub0701.php?ptype=view&idx=5815&page=1&code=payment,청담병원,상해진단서(3주이상),JDQ4MTg4MSM1MSMkMSMkMCMkOTkkMzgxMzUxIzMxIyQxIyQ3IyQ5MiQzNjE4MzIjNTEjJDEjJDIjJDgz
99991231,20250903,21,병원,100000,EB4710000,"초음파검사료(진단초음파)/근골격, 연부-연부조직 초음파/정밀 ",110001,강남구,110000,서울,100,http://www.cdrusk.co.kr/renewal/sub/sub07/sub0701.php?ptype=view&idx=5815&page=1&code=payment,청담병원,"근골격,연부-관절 정밀초음파-(3)(편측)",JDQ4MTg4MSM1MSMkMSMkMCMkOTkkMzgxMzUxIzMxIyQxIyQ3IyQ5MiQzNjE4MzIjNTEjJDEjJDIjJDgz
99991231,20260120,21,병원,80000,MZ0090000,이학요법료/전산화 인지재활치료[주의·기억],110001,강남구,110000,서울,67,http://www.cdrusk.co.kr/renewal/sub/sub07/sub0701.php?ptype=view&idx=5815&page=1&code=payment,청담병원,전산화 인지재활치료[주의·기억-1],JDQ4MTg4MSM1MSMkMSMkMCMkOTkkMzgxMzUxIzMxIyQxIyQ3IyQ5MiQzNjE4MzIjNTEjJDEjJDIjJDgz
99991231,20250903,21,병원,50000,PDZ140001,제증명수수료/향후진료비추정서/천만원 미만,110001,강남구,110000,서울,24,http://www.cdrusk.co.kr/renewal/sub/sub07/sub0701.php?ptype=view&idx=5815&page=1&code=payment,청담병원,향후진료비추정서(천만원미만),JDQ4MTg4MSM1MSMkMSMkMCMkOTkkMzgxMzUxIzMxIyQxIyQ3IyQ5MiQzNjE4MzIjNTEjJDEjJDIjJDgz
99991231,20260109,21,병원,90000,MX1220000,이학요법료/도수치료,110001,강남구,110000,서울,51,http://www.cdrusk.co.kr/renewal/sub/sub07/sub0701.php?ptype=view&idx=5815&page=1&code=payment,청담병원,도수치료 1(비급여),JDQ4MTg4MSM1MSMkMSMkMCMkOTkkMzgxMzUxIzMxIyQxIyQ3IyQ5MiQzNjE4MzIjNTEjJDEjJDIjJDgz
99991231,20260109,21,병원,95000,SZ0840000,처치 및 수술료(근골)/체외충격파치료[근골격계질환],110001,강남구,110000,서울,35,http://www.cdrusk.co.kr/renewal/sub/sub07/sub0701.php?ptype=view&idx=5815&page=1&code=payment,청담병원,체외충격파치치료(1-1),JDQ4MTg4MSM1MSMkMSMkMCMkOTkkMzgxMzUxIzMxIyQxIyQ3IyQ5MiQzNjE4MzIjNTEjJDEjJDIjJDgz
99991231,20260109,21,병원,360000,MX1220000,이학요법료/도수치료,110001,강남구,110000,서울,90,http://www.cdrusk.co.kr/renewal/sub/sub07/sub0701.php?ptype=view&idx=5815&page=1&code=payment,청담병원,도수치료 4(비급여),JDQ4MTg4MSM1MSMkMSMkMCMkOTkkMzgxMzUxIzMxIyQxIyQ3IyQ5MiQzNjE4MzIjNTEjJDEjJDIjJDgz
99991231,20250903,21,병원,120000,SZ0840000,처치 및 수술료(근골)/체외충격파치료[근골격계질환],110001,강남구,110000,서울,7,http://www.cdrusk.co.kr/renewal/sub/sub07/sub0701.php?ptype=view&idx=5815&page=1&code=payment,청담병원,체외충격파치료(3) [근골격계질환],JDQ4MTg4MSM1MSMkMSMkMCMkOTkkMzgxMzUxIzMxIyQxIyQ3IyQ5MiQzNjE4MzIjNTEjJDEjJDIjJDgz
99991231,20260109,21,병원,390000,ABZ010001,상급병실료/1인실,110001,강남구,110000,서울,76,http://www.cdrusk.co.kr/renewal/sub/sub07/sub0701.php?ptype=view&idx=5815&page=1&code=payment,청담병원,1인실(A),JDQ4MTg4MSM1MSMkMSMkMCMkOTkkMzgxMzUxIzMxIyQxIyQ3IyQ5MiQzNjE4MzIjNTEjJDEjJDIjJDgz
99991231,20250903,21,병원,130000,SZ0840000,처치 및 수술료(근골)/체외충격파치료[근골격계질환],110001,강남구,110000,서울,37,http://www.cdrusk.co.kr/renewal/sub/sub07/sub0701.php?ptype=view&idx=5815&page=1&code=payment,청담병원,체외충격파치치료(3-1),JDQ4MTg4MSM1MSMkMSMkMCMkOTkkMzgxMzUxIzMxIyQxIyQ3IyQ5MiQzNjE4MzIjNTEjJDEjJDIjJDgz
99991231,20250903,21,병원,40000,EB4640000,"초음파검사료(진단초음파)/근골격, 연부-관절 초음파/슬관절",110001,강남구,110000,서울,42,http://www.cdrusk.co.kr/renewal/sub/sub07/sub0701.php?ptype=view&idx=5815&page=1&code=payment,청담병원,"근골격,연부-관절 일반초음파-슬관절(편측)",JDQ4MTg4MSM1MSMkMSMkMCMkOTkkMzgxMzUxIzMxIyQxIyQ3IyQ5MiQzNjE4MzIjNTEjJDEjJDIjJDgz
99991231,20250903,21,병원,40000,EB4630000,"초음파검사료(진단초음파)/근골격, 연부-관절 초음파/주관절",110001,강남구,110000,서울,45,http://www.cdrusk.co.kr/renewal/sub/sub07/sub0701.php?ptype=view&idx=5815&page=1&code=payment,청담병원,"근골격,연부-관절 일반초음파-주관절(편측)",JDQ4MTg4MSM1MSMkMSMkMCMkOTkkMzgxMzUxIzMxIyQxIyQ3IyQ5MiQzNjE4MzIjNTEjJDEjJDIjJDgz
99991231,20250903,21,병원,19000,MZ0070000,이학요법료/신장분사치료,110001,강남구,110000,서울,64,http://www.cdrusk.co.kr/renewal/sub/sub07/sub0701.php?ptype=view&idx=5815&page=1&code=payment,청담병원,신장분사치료(stretch and spray therapy)(1근육),JDQ4MTg4MSM1MSMkMSMkMCMkOTkkMzgxMzUxIzMxIyQxIyQ3IyQ5MiQzNjE4MzIjNTEjJDEjJDIjJDgz
99991231,20250903,21,병원,20000,PDZ080000,제증명수수료/병무용진단서,110001,강남구,110000,서울,15,http://www.cdrusk.co.kr/renewal/sub/sub07/sub0701.php?ptype=view&idx=5815&page=1&code=payment,청담병원,병사용진단서,JDQ4MTg4MSM1MSMkMSMkMCMkOTkkMzgxMzUxIzMxIyQxIyQ3IyQ5MiQzNjE4MzIjNTEjJDEjJDIjJDgz
99991231,20250903,21,병원,80000,MY1430000,이학요법료/증식치료/척추부위,110001,강남구,110000,서울,56,http://www.cdrusk.co.kr/renewal/sub/sub07/sub0701.php?ptype=view&idx=5815&page=1&code=payment,청담병원,MY143 (척추부위 증식치료),JDQ4MTg4MSM1MSMkMSMkMCMkOTkkMzgxMzUxIzMxIyQxIyQ3IyQ5MiQzNjE4MzIjNTEjJDEjJDIjJDgz
99991231,20250903,21,병원,3000,PDZ090002,제증명수수료/확인서/입퇴원,110001,강남구,110000,서울,16,http://www.cdrusk.co.kr/renewal/sub/sub07/sub0701.php?ptype=view&idx=5815&page=1&code=payment,청담병원,입퇴원확인서,JDQ4MTg4MSM1MSMkMSMkMCMkOTkkMzgxMzUxIzMxIyQxIyQ3IyQ5MiQzNjE4MzIjNTEjJDEjJDIjJDgz
99991231,20250903,21,병원,1000,PDZ170000,제증명수수료/장애인증명서,110001,강남구,110000,서울,21,http://www.cdrusk.co.kr/renewal/sub/sub07/sub0701.php?ptype=view&idx=5815&page=1&code=payment,청담병원,장애인증명서(소득공제용),JDQ4MTg4MSM1MSMkMSMkMCMkOTkkMzgxMzUxIzMxIyQxIyQ3IyQ5MiQzNjE4MzIjNTEjJDEjJDIjJDgz
99991231,20250903,21,병원,3000,PDZ090004,제증명수수료/확인서/통원,110001,강남구,110000,서울,17,http://www.cdrusk.co.kr/renewal/sub/sub07/sub0701.php?ptype=view&idx=5815&page=1&code=payment,청담병원,통원확인서,JDQ4MTg4MSM1MSMkMSMkMCMkOTkkMzgxMzUxIzMxIyQxIyQ3IyQ5MiQzNjE4MzIjNTEjJDEjJDIjJDgz
99991231,20260109,21,병원,82000,MZ0060000,이학요법료/언어치료,110001,강남구,110000,서울,63,http://www.cdrusk.co.kr/renewal/sub/sub07/sub0701.php?ptype=view&idx=5815&page=1&code=payment,청담병원,언어치료(비급여),JDQ4MTg4MSM1MSMkMSMkMCMkOTkkMzgxMzUxIzMxIyQxIyQ3IyQ5MiQzNjE4MzIjNTEjJDEjJDIjJDgz
99991231,20250903,21,병원,40000,EB4670000,"초음파검사료(진단초음파)/근골격, 연부-관절 초음파/손목관절",110001,강남구,110000,서울,48,http://www.cdrusk.co.kr/renewal/sub/sub07/sub0701.php?ptype=view&idx=5815&page=1&code=payment,청담병원,"근골격,연부-관절 일반초음파-손목관절(편측)",JDQ4MTg4MSM1MSMkMSMkMCMkOTkkMzgxMzUxIzMxIyQxIyQ3IyQ5MiQzNjE4MzIjNTEjJDEjJDIjJDgz
99991231,20250903,21,병원,20000,PDZ010001,제증명수수료/진단서/건강,110001,강남구,110000,서울,9,http://www.cdrusk.co.kr/renewal/sub/sub07/sub0701.php?ptype=view&idx=5815&page=1&code=payment,청담병원,진단서(건강진단서),JDQ4MTg4MSM1MSMkMSMkMCMkOTkkMzgxMzUxIzMxIyQxIyQ3IyQ5MiQzNjE4MzIjNTEjJDEjJDIjJDgz
99991231,20250903,21,병원,40000,EB4680000,"초음파검사료(진단초음파)/근골격, 연부-관절 초음파/발목관절",110001,강남구,110000,서울,49,http://www.cdrusk.co.kr/renewal/sub/sub07/sub0701.php?ptype=view&idx=5815&page=1&code=payment,청담병원,"근골격,연부-관절 일반초음파-발목관절(편측)",JDQ4MTg4MSM1MSMkMSMkMCMkOTkkMzgxMzUxIzMxIyQxIyQ3IyQ5MiQzNjE4MzIjNTEjJDEjJDIjJDgz
99991231,20250903,21,병원,40000,PDZ070002,제증명수수료/장애 정도 심사용 진단서/정신적장애,110001,강남구,110000,서울,13,http://www.cdrusk.co.kr/renewal/sub/sub07/sub0701.php?ptype=view&idx=5815&page=1&code=payment,청담병원,장애진단서(정신지체 및 발달장애),JDQ4MTg4MSM1MSMkMSMkMCMkOTkkMzgxMzUxIzMxIyQxIyQ3IyQ5MiQzNjE4MzIjNTEjJDEjJDIjJDgz
99991231,20260109,21,병원,180000,EZ7770000,"기능 검사료(외피, 근골 기능 검사)/동적 족저압측정",110001,강남구,110000,서울,87,http://www.cdrusk.co.kr/renewal/sub/sub07/sub0701.php?ptype=view&idx=5815&page=1&code=payment,청담병원,동적족저압측정-보행.균형,JDQ4MTg4MSM1MSMkMSMkMCMkOTkkMzgxMzUxIzMxIyQxIyQ3IyQ5MiQzNjE4MzIjNTEjJDEjJDIjJDgz
99991231,20250903,21,병원,100000,PDZ020001,제증명수수료/상해진단서/3주 미만,110001,강남구,110000,서울,22,http://www.cdrusk.co.kr/renewal/sub/sub07/sub0701.php?ptype=view&idx=5815&page=1&code=payment,청담병원,상해진단서(3주미만),JDQ4MTg4MSM1MSMkMSMkMCMkOTkkMzgxMzUxIzMxIyQxIyQ3IyQ5MiQzNjE4MzIjNTEjJDEjJDIjJDgz
99991231,20250903,21,병원,100000,FZ7100000,기능 검사료(신경계 기능검사)/미각검사[인지 및 역치검사],110001,강남구,110000,서울,27,https://www.gnghospital.co.kr/,지앤지병원,미각검사,JDQ4MTg4MSM1MSMkMSMkMCMkOTkkMzgxMzUxIzMxIyQxIyQ3IyQwMyQ0NjEwMDIjNjEjJDEjJDgjJDgz
99991231,20250903,21,병원,200000,EB4020000,초음파검사료(기본초음파)/단순초음파/Ⅱ,110001,강남구,110000,서울,29,https://www.gnghospital.co.kr/,지앤지병원,단순초음파(Ⅱ),JDQ4MTg4MSM1MSMkMSMkMCMkOTkkMzgxMzUxIzMxIyQxIyQ3IyQwMyQ0NjEwMDIjNjEjJDEjJDgjJDgz
99991231,20250903,21,병원,3000,PDZ090007,제증명수수료/확인서/진료,110001,강남구,110000,서울,5,https://www.gnghospital.co.kr/,지앤지병원,진료확인서,JDQ4MTg4MSM1MSMkMSMkMCMkOTkkMzgxMzUxIzMxIyQxIyQ3IyQwMyQ0NjEwMDIjNjEjJDEjJDgjJDgz
99991231,20250903,21,병원,20000,PDZ080000,제증명수수료/병무용진단서,110001,강남구,110000,서울,9,https://www.gnghospital.co.kr/,지앤지병원,병사용진단서,JDQ4MTg4MSM1MSMkMSMkMCMkOTkkMzgxMzUxIzMxIyQxIyQ3IyQwMyQ0NjEwMDIjNjEjJDEjJDgjJDgz
99991231,20250903,21,병원,4500000,OZ1110000,처치 및 수술료(코)/비밸브재건술,110001,강남구,110000,서울,19,https://www.gnghospital.co.kr/,지앤지병원,비밸브재건술(자가늑연골),JDQ4MTg4MSM1MSMkMSMkMCMkOTkkMzgxMzUxIzMxIyQxIyQ3IyQwMyQ0NjEwMDIjNjEjJDEjJDgjJDgz
99991231,20250903,21,병원,150000,PDZ020002,제증명수수료/상해진단서/3주 이상,110001,강남구,110000,서울,8,https://www.gnghospital.co.kr/,지앤지병원,상해진단서 3주이상,JDQ4MTg4MSM1MSMkMSMkMCMkOTkkMzgxMzUxIzMxIyQxIyQ3IyQwMyQ0NjEwMDIjNjEjJDEjJDgjJDgz
99991231,20250903,21,병원,5600000,QZ3730000,"처치 및 수술료(입, 이하선)/이설근전진술",110001,강남구,110000,서울,17,https://www.gnghospital.co.kr/,지앤지병원,이설근전진술,JDQ4MTg4MSM1MSMkMSMkMCMkOTkkMzgxMzUxIzMxIyQxIyQ3IyQwMyQ0NjEwMDIjNjEjJDEjJDgjJDgz
99991231,20250903,21,병원,20000,PDZ010000,제증명수수료/진단서/일반,110001,강남구,110000,서울,3,https://www.gnghospital.co.kr/,지앤지병원,일반 진단서,JDQ4MTg4MSM1MSMkMSMkMCMkOTkkMzgxMzUxIzMxIyQxIyQ3IyQwMyQ0NjEwMDIjNjEjJDEjJDgjJDgz
99991231,20250903,21,병원,1000,PDZ160000,제증명수수료/제증명서 사본,110001,강남구,110000,서울,12,https://www.gnghospital.co.kr/,지앤지병원,제증명서 사본,JDQ4MTg4MSM1MSMkMSMkMCMkOTkkMzgxMzUxIzMxIyQxIyQ3IyQwMyQ0NjEwMDIjNjEjJDEjJDgjJDgz
99991231,20250903,21,병원,10000,PDZ110004,제증명수수료/진료기록영상/CD,110001,강남구,110000,서울,6,https://www.gnghospital.co.kr/,지앤지병원,진료기록(영상) CD,JDQ4MTg4MSM1MSMkMSMkMCMkOTkkMzgxMzUxIzMxIyQxIyQ3IyQwMyQ0NjEwMDIjNjEjJDEjJDgjJDgz
99991231,20250903,21,병원,20000,PDZ110006,제증명수수료/진료기록영상/USB,110001,강남구,110000,서울,21,https://www.gnghospital.co.kr/,지앤지병원,진료기록사본(USB),JDQ4MTg4MSM1MSMkMSMkMCMkOTkkMzgxMzUxIzMxIyQxIyQ3IyQwMyQ0NjEwMDIjNjEjJDEjJDgjJDgz
99991231,20250903,21,병원,150000,FZ6710000,기능 검사료(호흡기 기능검사)/후각기능(인지 및 역치)검사,110001,강남구,110000,서울,26,https://www.gnghospital.co.kr/,지앤지병원,후각검사,JDQ4MTg4MSM1MSMkMSMkMCMkOTkkMzgxMzUxIzMxIyQxIyQ3IyQwMyQ0NjEwMDIjNjEjJDEjJDgjJDgz
99991231,20250903,21,병원,100000,PDZ020001,제증명수수료/상해진단서/3주 미만,110001,강남구,110000,서울,7,https://www.gnghospital.co.kr/,지앤지병원,상해진단서 3주미만,JDQ4MTg4MSM1MSMkMSMkMCMkOTkkMzgxMzUxIzMxIyQxIyQ3IyQwMyQ0NjEwMDIjNjEjJDEjJDgjJDgz
99991231,20250903,21,병원,80000,BZ0780000,검체검사료/혈소판 응집능검사 [교류저항혈소판응집]/TRAP,110001,강남구,110000,서울,28,https://www.gnghospital.co.kr/,지앤지병원,혈소판응집능검사-TRAP,JDQ4MTg4MSM1MSMkMSMkMCMkOTkkMzgxMzUxIzMxIyQxIyQ3IyQwMyQ0NjEwMDIjNjEjJDEjJDgjJDgz
99991231,20250903,21,병원,1000,PDZ110101,제증명수수료/진료기록사본/1~5매,110001,강남구,110000,서울,30,https://www.gnghospital.co.kr/,지앤지병원,진료기록사본 1~5매,JDQ4MTg4MSM1MSMkMSMkMCMkOTkkMzgxMzUxIzMxIyQxIyQ3IyQwMyQ0NjEwMDIjNjEjJDEjJDgjJDgz
99991231,20250903,21,병원,100,PDZ110102,제증명수수료/진료기록사본/6매 이상,110001,강남구,110000,서울,31,https://www.gnghospital.co.kr/,지앤지병원,진료기록사본 6매이상,JDQ4MTg4MSM1MSMkMSMkMCMkOTkkMzgxMzUxIzMxIyQxIyQ3IyQwMyQ0NjEwMDIjNjEjJDEjJDgjJDgz
99991231,20250903,21,병원,50000,PDZ140001,제증명수수료/향후진료비추정서/천만원 미만,110001,강남구,110000,서울,13,https://www.gnghospital.co.kr/,지앤지병원,향후진료비추정서 천미만,JDQ4MTg4MSM1MSMkMSMkMCMkOTkkMzgxMzUxIzMxIyQxIyQ3IyQwMyQ0NjEwMDIjNjEjJDEjJDgjJDgz
99991231,20250903,21,병원,3000,PDZ090002,제증명수수료/확인서/입퇴원,110001,강남구,110000,서울,4,https://www.gnghospital.co.kr/,지앤지병원,입퇴원확인서,JDQ4MTg4MSM1MSMkMSMkMCMkOTkkMzgxMzUxIzMxIyQxIyQ3IyQwMyQ0NjEwMDIjNjEjJDEjJDgjJDgz
99991231,20250903,21,병원,600000,FZ7020000,기능 검사료(신경계 기능검사)/다중수면잠복기검사,110001,강남구,110000,서울,24,https://www.gnghospital.co.kr/,지앤지병원,MSLT,JDQ4MTg4MSM1MSMkMSMkMCMkOTkkMzgxMzUxIzMxIyQxIyQ3IyQwMyQ0NjEwMDIjNjEjJDEjJDgjJDgz
99991231,20250903,21,병원,20000,PDE010001,제증명수수료/영문진단서/일반,110001,강남구,110000,서울,11,https://www.gnghospital.co.kr/,지앤지병원,영문진단서,JDQ4MTg4MSM1MSMkMSMkMCMkOTkkMzgxMzUxIzMxIyQxIyQ3IyQwMyQ0NjEwMDIjNjEjJDEjJDgjJDgz
99991231,20250903,21,병원,100000,PDZ140002,제증명수수료/향후진료비추정서/천만원 이상,110001,강남구,110000,서울,14,https://www.gnghospital.co.kr/,지앤지병원,향후진료비추정서 천이상,JDQ4MTg4MSM1MSMkMSMkMCMkOTkkMzgxMzUxIzMxIyQxIyQ3IyQwMyQ0NjEwMDIjNjEjJDEjJDgjJDgz
99991231,20250903,21,병원,3000,PDZ090004,제증명수수료/확인서/통원,110001,강남구,110000,서울,22,https://www.gnghospital.co.kr/,지앤지병원,통원확인서,JDQ4MTg4MSM1MSMkMSMkMCMkOTkkMzgxMzUxIzMxIyQxIyQ3IyQwMyQ0NjEwMDIjNjEjJDEjJDgjJDgz
99991231,20250903,21,병원,2800000,OZ1110000,처치 및 수술료(코)/비밸브재건술,110001,강남구,110000,서울,18,https://www.gnghospital.co.kr/,지앤지병원,비밸브재건술(단순),JDQ4MTg4MSM1MSMkMSMkMCMkOTkkMzgxMzUxIzMxIyQxIyQ3IyQwMyQ0NjEwMDIjNjEjJDEjJDgjJDgz
99991231,20250903,1,상급종합,1700000,BI0203OZ,치료재료/조절성 인공수정체/AT LISA 839MP,110001,강남구,110000,서울,1438,http://www.samsunghospital.com/home/info/unInsuraList.do,삼성서울병원,AT LISA 839MP  (전규격),JDQ4MTg4MSM1MSMkMSMkMCMkODkkMzgxMzUxIzExIyQxIyQzIyQxMyQzNjEwMDIjODEjJDEjJDIjJDgz
99991231,20250903,1,상급종합,330000,EB4840000,초음파검사료(진단초음파)/혈관-사지혈관 도플러 초음파/상지-동맥,110001,강남구,110000,서울,1506,http://www.samsunghospital.com/home/info/unInsuraList.do,삼성서울병원,사지혈관도플러초음파-상지-동맥,JDQ4MTg4MSM1MSMkMSMkMCMkODkkMzgxMzUxIzExIyQxIyQzIyQxMyQzNjEwMDIjODEjJDEjJDIjJDgz
99991231,20250903,1,상급종합,101000,BM2103JO,"치료재료/척추경막외 유착방지제/GUARDIX-SP PLUS(가딕스-SP PLUS),BARRIX(배릭스)",110001,강남구,110000,서울,1603,http://www.samsunghospital.com/home/info/unInsuraList.do,삼성서울병원,BARRIX  (1.5g),JDQ4MTg4MSM1MSMkMSMkMCMkODkkMzgxMzUxIzExIyQxIyQzIyQxMyQzNjEwMDIjODEjJDEjJDIjJDgz
99991231,20250903,1,상급종합,155000,BTS01019,치료재료/동종진피(IMPLANT용-유방재건술용 제외)/MEGADERM,110001,강남구,110000,서울,1710,http://www.samsunghospital.com/home/info/unInsuraList.do,삼성서울병원,MEGADERM  (3*3cm(0.3~0.5mm)),JDQ4MTg4MSM1MSMkMSMkMCMkODkkMzgxMzUxIzExIyQxIyQzIyQxMyQzNjEwMDIjODEjJDEjJDIjJDgz
99991231,20250903,1,상급종합,341000,ABZ010001,상급병실료/1인실,110001,강남구,110000,서울,1749,http://www.samsunghospital.com/home/info/unInsuraList.do,삼성서울병원,"병실차액, 61등급(1인실)",JDQ4MTg4MSM1MSMkMSMkMCMkODkkMzgxMzUxIzExIyQxIyQzIyQxMyQzNjEwMDIjODEjJDEjJDIjJDgz
99991231,20250903,1,상급종합,325000,BM2101QT,치료재료/척추경막외 유착방지제/MEDICLORE,110001,강남구,110000,서울,1675,http://www.samsunghospital.com/home/info/unInsuraList.do,삼성서울병원,MEDICLORE 3CC  (내시경용),JDQ4MTg4MSM1MSMkMSMkMCMkODkkMzgxMzUxIzExIyQxIyQzIyQxMyQzNjEwMDIjODEjJDEjJDIjJDgz
99991231,20250903,1,상급종합,86000,EB5610000,초음파 검사료(유도 초음파)/유도초음파/Ⅰ,110001,강남구,110000,서울,1113,http://www.samsunghospital.com/home/info/unInsuraList.do,삼성서울병원,유도초음파(Ⅰ),JDQ4MTg4MSM1MSMkMSMkMCMkODkkMzgxMzUxIzExIyQxIyQzIyQxMyQzNjEwMDIjODEjJDEjJDIjJDgz
99991231,20250903,1,상급종합,85000,AZ0010000,교육상담료/당뇨병교육,110001,강남구,110000,서울,350,http://www.samsunghospital.com/home/info/unInsuraList.do,삼성서울병원,당뇨병기본교육-주사법,JDQ4MTg4MSM1MSMkMSMkMCMkODkkMzgxMzUxIzExIyQxIyQzIyQxMyQzNjEwMDIjODEjJDEjJDIjJDgz
99991231,20250903,1,상급종합,645000,EZ9870000,초음파 검사료(유도 초음파)/진공보조 유방 생검시 유도 초음파,110001,강남구,110000,서울,627,http://www.samsunghospital.com/home/info/unInsuraList.do,삼성서울병원,"US GUIDED VACUUM-ASSISTED BIOPSY(양측, 유도료)",JDQ4MTg4MSM1MSMkMSMkMCMkODkkMzgxMzUxIzExIyQxIyQzIyQxMyQzNjEwMDIjODEjJDEjJDIjJDgz
99991231,20250903,1,상급종합,432000,EZ8710000,기능 검사료(순환기 기능 검사)/관상동맥내 광학파 단층촬영,110001,강남구,110000,서울,992,http://www.samsunghospital.com/home/info/unInsuraList.do,삼성서울병원,광학파 단층촬영,JDQ4MTg4MSM1MSMkMSMkMCMkODkkMzgxMzUxIzExIyQxIyQzIyQxMyQzNjEwMDIjODEjJDEjJDIjJDgz
99991231,20250903,1,상급종합,38000,FZ6880000,기능 검사료(신경계 기능검사)/발음 및 발성검사,110001,강남구,110000,서울,645,http://www.samsunghospital.com/home/info/unInsuraList.do,삼성서울병원,발음 및 발성검사-비성검사,JDQ4MTg4MSM1MSMkMSMkMCMkODkkMzgxMzUxIzExIyQxIyQzIyQxMyQzNjEwMDIjODEjJDEjJDIjJDgz
99991231,20250903,1,상급종합,894000,HE1190000,자기공명영상진단료(MRI-기본검사)/근골격계-천장골관절/일반,110001,강남구,110000,서울,1414,http://www.samsunghospital.com/home/info/unInsuraList.do,삼성서울병원,자기공명단층촬영 (Sacrum),JDQ4MTg4MSM1MSMkMSMkMCMkODkkMzgxMzUxIzExIyQxIyQzIyQxMyQzNjEwMDIjODEjJDEjJDIjJDgz
99991231,20250903,1,상급종합,456280,BF0101WC,치료재료/척추경막외 유착방지제/큐블럭(QBLOCK),110001,강남구,110000,서울,1228,http://www.samsunghospital.com/home/info/unInsuraList.do,삼성서울병원,큐블럭(QBLOCK)  (5㎖),JDQ4MTg4MSM1MSMkMSMkMCMkODkkMzgxMzUxIzExIyQxIyQzIyQxMyQzNjEwMDIjODEjJDEjJDIjJDgz
99991231,20250903,1,상급종합,58000,FZ6890000,기능 검사료(신경계 기능검사)/언어전반진단검사,110001,강남구,110000,서울,651,http://www.samsunghospital.com/home/info/unInsuraList.do,삼성서울병원,S/L Consultation I (15min),JDQ4MTg4MSM1MSMkMSMkMCMkODkkMzgxMzUxIzExIyQxIyQzIyQxMyQzNjEwMDIjODEjJDEjJDIjJDgz
99991231,20250903,1,상급종합,175000,EB4840000,초음파검사료(진단초음파)/혈관-사지혈관 도플러 초음파/상지-동맥,110001,강남구,110000,서울,783,http://www.samsunghospital.com/home/info/unInsuraList.do,삼성서울병원,사지혈관도플러초음파-상지-동맥[편측],JDQ4MTg4MSM1MSMkMSMkMCMkODkkMzgxMzUxIzExIyQxIyQzIyQxMyQzNjEwMDIjODEjJDEjJDIjJDgz
99991231,20251117,1,상급종합,123000,RZ6470000,처치 및 수술료(보조생식술)/배아 동결·보존,110001,강남구,110000,서울,1785,http://www.samsunghospital.com/home/info/unInsuraList.do,삼성서울병원,난할기 배아 냉동 1세트(1~2개),JDQ4MTg4MSM1MSMkMSMkMCMkODkkMzgxMzUxIzExIyQxIyQzIyQxMyQzNjEwMDIjODEjJDEjJDIjJDgz
99991231,20250903,1,상급종합,879000,HE1180000,자기공명영상진단료(MRI-기본검사)/근골격계-고관절/일반,110001,강남구,110000,서울,1653,http://www.samsunghospital.com/home/info/unInsuraList.do,삼성서울병원,자기공명단층촬영(Avascular Necrosis MRI) (NON-CONTRAST),JDQ4MTg4MSM1MSMkMSMkMCMkODkkMzgxMzUxIzExIyQxIyQzIyQxMyQzNjEwMDIjODEjJDEjJDIjJDgz
99991231,20250903,1,상급종합,1000000,BTS01019,치료재료/동종진피(IMPLANT용-유방재건술용 제외)/MEGADERM,110001,강남구,110000,서울,1713,http://www.samsunghospital.com/home/info/unInsuraList.do,삼성서울병원,MEGADERM  (6*7cm (0.6~1.5mm)),JDQ4MTg4MSM1MSMkMSMkMCMkODkkMzgxMzUxIzExIyQxIyQzIyQxMyQzNjEwMDIjODEjJDEjJDIjJDgz
99991231,20250903,1,상급종합,134000,EB5610000,초음파 검사료(유도 초음파)/유도초음파/Ⅰ,110001,강남구,110000,서울,982,http://www.samsunghospital.com/home/info/unInsuraList.do,삼성서울병원,유도초음파(Ⅰ)-Pericardiocentesis echo,JDQ4MTg4MSM1MSMkMSMkMCMkODkkMzgxMzUxIzExIyQxIyQzIyQxMyQzNjEwMDIjODEjJDEjJDIjJDgz
99991231,20250903,1,상급종합,588000,EB5620000,초음파 검사료(유도 초음파)/유도초음파/Ⅱ,110001,강남구,110000,서울,1149,http://www.samsunghospital.com/home/info/unInsuraList.do,삼성서울병원,US guided marker Implant for RT (OTHER GI SYSTEM),JDQ4MTg4MSM1MSMkMSMkMCMkODkkMzgxMzUxIzExIyQxIyQzIyQxMyQzNjEwMDIjODEjJDEjJDIjJDgz
99991231,20250903,1,상급종합,392000,BTS01313,치료재료/동종진피(IMPLANT용-유방재건술용 제외)/CGDERM MATRIX - IMPLANT,110001,강남구,110000,서울,1739,http://www.samsunghospital.com/home/info/unInsuraList.do,삼성서울병원,CGDERM MATRIX  (2.5*4cm),JDQ4MTg4MSM1MSMkMSMkMCMkODkkMzgxMzUxIzExIyQxIyQzIyQxMyQzNjEwMDIjODEjJDEjJDIjJDgz
99991231,20250903,1,상급종합,1333000,SZ0850000,"처치 및 수술료(근골)/자가 골수 줄기세포 치료/연골결손(동 행위를 위해 실시한 골수천자, 미세천공술 및 관절경 치료재료대 포함)",110001,강남구,110000,서울,1055,http://www.samsunghospital.com/home/info/unInsuraList.do,삼성서울병원,자가 골수 줄기세포 치료-연골결손,JDQ4MTg4MSM1MSMkMSMkMCMkODkkMzgxMzUxIzExIyQxIyQzIyQxMyQzNjEwMDIjODEjJDEjJDIjJDgz
99991231,20250903,1,상급종합,616000,EZ9850000,초음파 검사료(유도 초음파)/수술 중 초음파,110001,강남구,110000,서울,1108,http://www.samsunghospital.com/home/info/unInsuraList.do,삼성서울병원,초음파 (Intraoperative Abd.doppler),JDQ4MTg4MSM1MSMkMSMkMCMkODkkMzgxMzUxIzExIyQxIyQzIyQxMyQzNjEwMDIjODEjJDEjJDIjJDgz
99991231,20250903,1,상급종합,360000,EB4360000,초음파검사료(진단초음파)/심장-태아정밀 심초음파,110001,강남구,110000,서울,597,http://www.samsunghospital.com/home/info/unInsuraList.do,삼성서울병원,"태아 심초음파검사 (Single,정밀)",JDQ4MTg4MSM1MSMkMSMkMCMkODkkMzgxMzUxIzExIyQxIyQzIyQxMyQzNjEwMDIjODEjJDEjJDIjJDgz
99991231,20250903,1,상급종합,670000,BI0205EB,치료재료/조절성 인공수정체/ACRYSOF IQ TORIC NATURAL IOL (T6-T9),110001,강남구,110000,서울,1372,http://www.samsunghospital.com/home/info/unInsuraList.do,삼성서울병원,ACRYSOFT IQ TORIC NATURAL IOL  (SN6AT9),JDQ4MTg4MSM1MSMkMSMkMCMkODkkMzgxMzUxIzExIyQxIyQzIyQxMyQzNjEwMDIjODEjJDEjJDIjJDgz
99991231,20251117,1,상급종합,38000,FZ6940000,기능 검사료(신경계 기능검사)/덴버발달검사,110001,강남구,110000,서울,654,http://www.samsunghospital.com/home/info/unInsuraList.do,삼성서울병원,덴버발달검사,JDQ4MTg4MSM1MSMkMSMkMCMkODkkMzgxMzUxIzExIyQxIyQzIyQxMyQzNjEwMDIjODEjJDEjJDIjJDgz
99991231,20250903,1,상급종합,728000,EZ9850000,초음파 검사료(유도 초음파)/수술 중 초음파,110001,강남구,110000,서울,1610,http://www.samsunghospital.com/home/info/unInsuraList.do,삼성서울병원,수술 중 초음파 (관상동맥우회술 중 도관 혈류측정 초음파(2회)),JDQ4MTg4MSM1MSMkMSMkMCMkODkkMzgxMzUxIzExIyQxIyQzIyQxMyQzNjEwMDIjODEjJDEjJDIjJDgz
99991231,20250903,1,상급종합,1061000,HE2160000,자기공명영상진단료(MRI-기본검사)/근골격계-주관절/조영제 주입 전·후 촬영 판독,110001,강남구,110000,서울,1028,http://www.samsunghospital.com/home/info/unInsuraList.do,삼성서울병원,"자기공명단층촬영 (Elbow, Lt)",JDQ4MTg4MSM1MSMkMSMkMCMkODkkMzgxMzUxIzExIyQxIyQzIyQxMyQzNjEwMDIjODEjJDEjJDIjJDgz
99991231,20250903,1,상급종합,160000,EB5030000,초음파검사료(진단초음파)/신경-말초신경 초음파/편측,110001,강남구,110000,서울,1512,http://www.samsunghospital.com/home/info/unInsuraList.do,삼성서울병원,신경-말초신경 초음파(편측) 도플러-하지,JDQ4MTg4MSM1MSMkMSMkMCMkODkkMzgxMzUxIzExIyQxIyQzIyQxMyQzNjEwMDIjODEjJDEjJDIjJDgz
99991231,20250903,1,상급종합,1114000,RZ6410001,처치 및 수술료(보조생식술)/난자채취 및 처리[양측][초음파 유도료 포함]/성숙난자,110001,강남구,110000,서울,1576,http://www.samsunghospital.com/home/info/unInsuraList.do,삼성서울병원,난자채취 및 처리[양측][초음파유도료 포함]-성숙난자-11개 이상,JDQ4MTg4MSM1MSMkMSMkMCMkODkkMzgxMzUxIzExIyQxIyQzIyQxMyQzNjEwMDIjODEjJDEjJDIjJDgz
99991231,20250903,1,상급종합,49000,BTS01019,치료재료/동종진피(IMPLANT용-유방재건술용 제외)/MEGADERM,110001,강남구,110000,서울,1715,http://www.samsunghospital.com/home/info/unInsuraList.do,삼성서울병원,Megaderm  (0.3~0.5mm) (엘앤씨바이오),JDQ4MTg4MSM1MSMkMSMkMCMkODkkMzgxMzUxIzExIyQxIyQzIyQxMyQzNjEwMDIjODEjJDEjJDIjJDgz
99991231,20250903,1,상급종합,721000,HE1260001,자기공명영상진단료(MRI-기본검사)/흉부-유방/일반,110001,강남구,110000,서울,1305,http://www.samsunghospital.com/home/info/unInsuraList.do,삼성서울병원,"BREAST MRI, MINIMAL SEQUENCES",JDQ4MTg4MSM1MSMkMSMkMCMkODkkMzgxMzUxIzExIyQxIyQzIyQxMyQzNjEwMDIjODEjJDEjJDIjJDgz
99991231,20250903,1,상급종합,1000,PDZ160000,제증명수수료/제증명서 사본,110001,강남구,110000,서울,117,http://www.samsunghospital.com/home/info/unInsuraList.do,삼성서울병원,제증명서 사본,JDQ4MTg4MSM1MSMkMSMkMCMkODkkMzgxMzUxIzExIyQxIyQzIyQxMyQzNjEwMDIjODEjJDEjJDIjJDgz
99991231,20250903,1,상급종합,276000,EB4810000,초음파검사료(진단초음파)/혈관-뇌혈류 초음파,110001,강남구,110000,서울,598,http://www.samsunghospital.com/home/info/unInsuraList.do,삼성서울병원,혈관-뇌혈류 초음파,JDQ4MTg4MSM1MSMkMSMkMCMkODkkMzgxMzUxIzExIyQxIyQzIyQxMyQzNjEwMDIjODEjJDEjJDIjJDgz
99991231,20250903,1,상급종합,140000,EB4010000,초음파검사료(기본초음파)/단순초음파/Ⅰ,110001,강남구,110000,서울,971,http://www.samsunghospital.com/home/info/unInsuraList.do,삼성서울병원,"단순초음파(Ⅰ) Extracranial Vascular Sonography,IMT measure(NR)",JDQ4MTg4MSM1MSMkMSMkMCMkODkkMzgxMzUxIzExIyQxIyQzIyQxMyQzNjEwMDIjODEjJDEjJDIjJDgz
99991231,20250903,1,상급종합,276000,EZ9850000,초음파 검사료(유도 초음파)/수술 중 초음파,110001,강남구,110000,서울,1091,http://www.samsunghospital.com/home/info/unInsuraList.do,삼성서울병원,대동맥외막 초음파 (수술 중 초음파),JDQ4MTg4MSM1MSMkMSMkMCMkODkkMzgxMzUxIzExIyQxIyQzIyQxMyQzNjEwMDIjODEjJDEjJDIjJDgz
99991231,20250903,1,상급종합,948000,HE1010001,자기공명영상진단료(MRI-기본검사)/뇌/일반,110001,강남구,110000,서울,1295,http://www.samsunghospital.com/home/info/unInsuraList.do,삼성서울병원,자기공명단층촬영 SELLAR MRI (NON-CONTRAST),JDQ4MTg4MSM1MSMkMSMkMCMkODkkMzgxMzUxIzExIyQxIyQzIyQxMyQzNjEwMDIjODEjJDEjJDIjJDgz
99991231,20250903,1,상급종합,913000,UW607F320,치과의 보철료/크라운/Gold,110001,강남구,110000,서울,74,http://www.samsunghospital.com/home/info/unInsuraList.do,삼성서울병원,Full Veneer Gold Crown (C),JDQ4MTg4MSM1MSMkMSMkMCMkODkkMzgxMzUxIzExIyQxIyQzIyQxMyQzNjEwMDIjODEjJDEjJDIjJDgz
99991231,20250903,1,상급종합,2570000,BI0208LN,"치료재료/조절성 인공수정체/TECNIS SYNERGY OPTIBLUE IOL, TECNIS SYNERGY OPTIBLUE IOL WITH TECNIS SIMPLICITY DELIVERY SYSTEM",110001,강남구,110000,서울,1588,http://www.samsunghospital.com/home/info/unInsuraList.do,삼성서울병원,TECNIS SYNERGY IOL  (전규격),JDQ4MTg4MSM1MSMkMSMkMCMkODkkMzgxMzUxIzExIyQxIyQzIyQxMyQzNjEwMDIjODEjJDEjJDIjJDgz
99991231,20250903,1,상급종합,257000,EB4540001,초음파검사료(진단초음파)/복부-남성생식기 초음파/음낭,110001,강남구,110000,서울,1498,http://www.samsunghospital.com/home/info/unInsuraList.do,삼성서울병원,복부-남성생식기 초음파-음낭 도플러 (소아),JDQ4MTg4MSM1MSMkMSMkMCMkODkkMzgxMzUxIzExIyQxIyQzIyQxMyQzNjEwMDIjODEjJDEjJDIjJDgz
99991231,20250903,1,상급종합,485000,HF1030000,자기공명영상진단료(MRI-특수검사)/분광영상,110001,강남구,110000,서울,1418,http://www.samsunghospital.com/home/info/unInsuraList.do,삼성서울병원,자기공명단층촬영 (MR Spectroscopy) (NON-CONTRAST),JDQ4MTg4MSM1MSMkMSMkMCMkODkkMzgxMzUxIzExIyQxIyQzIyQxMyQzNjEwMDIjODEjJDEjJDIjJDgz
99991231,20250903,1,상급종합,800,PDZ110101,제증명수수료/진료기록사본/1~5매,110001,강남구,110000,서울,1745,http://www.samsunghospital.com/home/info/unInsuraList.do,삼성서울병원,의무기록사본발급 (1~5매)_비대면,JDQ4MTg4MSM1MSMkMSMkMCMkODkkMzgxMzUxIzExIyQxIyQzIyQxMyQzNjEwMDIjODEjJDEjJDIjJDgz
99991231,20250903,1,상급종합,262000,RZ6400001,처치 및 수술료(보조생식술)/정자채취 및 처리/정액,110001,강남구,110000,서울,1572,http://www.samsunghospital.com/home/info/unInsuraList.do,삼성서울병원,"정액 처리(감염환자정자처리, 역행성사정정자처리, 정자운동성촉진처리)",JDQ4MTg4MSM1MSMkMSMkMCMkODkkMzgxMzUxIzExIyQxIyQzIyQxMyQzNjEwMDIjODEjJDEjJDIjJDgz
99991231,20250903,1,상급종합,141000,EZ8480000,기능 검사료(알레르기 검사)/경구 음식물유발시험과 경구 약물유발시험검사,110001,강남구,110000,서울,621,http://www.samsunghospital.com/home/info/unInsuraList.do,삼성서울병원,음식물 유발 시험,JDQ4MTg4MSM1MSMkMSMkMCMkODkkMzgxMzUxIzExIyQxIyQzIyQxMyQzNjEwMDIjODEjJDEjJDIjJDgz
99991231,20250903,1,상급종합,123000,EB5150000,"초음파검사료(진단초음파)/임산부 초음파/제2,3삼분기 -일반",110001,강남구,110000,서울,515,http://www.samsunghospital.com/home/info/unInsuraList.do,삼성서울병원,"제2,3삼분기 임산부(일반, 20~35주) 초음파",JDQ4MTg4MSM1MSMkMSMkMCMkODkkMzgxMzUxIzExIyQxIyQzIyQxMyQzNjEwMDIjODEjJDEjJDIjJDgz
99991231,20250903,1,상급종합,1264000,EZ9910001,초음파 검사료(특수 초음파)/기관지내시경초음파 [가이드시스를 이용한 경우 포함]/기관지내시경초음파,110001,강남구,110000,서울,1567,http://www.samsunghospital.com/home/info/unInsuraList.do,삼성서울병원,기관지내시경초음파-세침흡인술(EBUS-TBNA),JDQ4MTg4MSM1MSMkMSMkMCMkODkkMzgxMzUxIzExIyQxIyQzIyQxMyQzNjEwMDIjODEjJDEjJDIjJDgz
99991231,20250903,1,상급종합,1294600,BJ4503BM,치료재료/혈관내영상카테타/OPTICROSS CORONARY IMAGING CATHETER,110001,강남구,110000,서울,947,http://www.samsunghospital.com/home/info/unInsuraList.do,삼성서울병원,OPTICROSS IVUS CATHETER  (전규격),JDQ4MTg4MSM1MSMkMSMkMCMkODkkMzgxMzUxIzExIyQxIyQzIyQxMyQzNjEwMDIjODEjJDEjJDIjJDgz
99991231,20251117,1,상급종합,67000,FY8840000,기능 검사료(신경계 기능검사)/정량적감각기능검사/전류인지역치(통증역치검사),110001,강남구,110000,서울,1004,http://www.samsunghospital.com/home/info/unInsuraList.do,삼성서울병원,정량적감각기능검사-통증역치,JDQ4MTg4MSM1MSMkMSMkMCMkODkkMzgxMzUxIzExIyQxIyQzIyQxMyQzNjEwMDIjODEjJDEjJDIjJDgz
99991231,20250903,1,상급종합,670000,EZ9850000,초음파 검사료(유도 초음파)/수술 중 초음파,110001,강남구,110000,서울,995,http://www.samsunghospital.com/home/info/unInsuraList.do,삼성서울병원,Intraoperative TEE (Pediatric),JDQ4MTg4MSM1MSMkMSMkMCMkODkkMzgxMzUxIzExIyQxIyQzIyQxMyQzNjEwMDIjODEjJDEjJDIjJDgz
99991231,20250903,1,상급종합,69000,MZ0060000,이학요법료/언어치료,110001,강남구,110000,서울,684,http://www.samsunghospital.com/home/info/unInsuraList.do,삼성서울병원,언어치료Ⅰ,JDQ4MTg4MSM1MSMkMSMkMCMkODkkMzgxMzUxIzExIyQxIyQzIyQxMyQzNjEwMDIjODEjJDEjJDIjJDgz
99991231,20250903,1,상급종합,20000,PDE010001,제증명수수료/영문진단서/일반,110001,강남구,110000,서울,118,http://www.samsunghospital.com/home/info/unInsuraList.do,삼성서울병원,일반진단서(영문본),JDQ4MTg4MSM1MSMkMSMkMCMkODkkMzgxMzUxIzExIyQxIyQzIyQxMyQzNjEwMDIjODEjJDEjJDIjJDgz
99991231,20250903,1,상급종합,380000,EB4420000,초음파검사료(진단초음파)/복부-복부 초음파/간·담낭·담도·비장·췌장-정밀,110001,강남구,110000,서울,1560,http://www.samsunghospital.com/home/info/unInsuraList.do,삼성서울병원,"PEDIATRIC LIVER, GB & PANCREAS DOPPLER US (PORTABLE) (DETAILED)",JDQ4MTg4MSM1MSMkMSMkMCMkODkkMzgxMzUxIzExIyQxIyQzIyQxMyQzNjEwMDIjODEjJDEjJDIjJDgz
99991231,20250903,1,상급종합,364000,EB4440001,초음파검사료(진단초음파)/복부-복부 초음파/소장·대장,110001,강남구,110000,서울,1495,http://www.samsunghospital.com/home/info/unInsuraList.do,삼성서울병원,"초음파검사-복부-소장·대장, 도플러",JDQ4MTg4MSM1MSMkMSMkMCMkODkkMzgxMzUxIzExIyQxIyQzIyQxMyQzNjEwMDIjODEjJDEjJDIjJDgz
99991231,20250903,1,상급종합,114000,FZ6890000,기능 검사료(신경계 기능검사)/언어전반진단검사,110001,강남구,110000,서울,738,http://www.samsunghospital.com/home/info/unInsuraList.do,삼성서울병원,언어전반진단검사II(30분),JDQ4MTg4MSM1MSMkMSMkMCMkODkkMzgxMzUxIzExIyQxIyQzIyQxMyQzNjEwMDIjODEjJDEjJDIjJDgz
99991231,20250903,1,상급종합,968000,HE1210000,자기공명영상진단료(MRI-기본검사)/근골격계-발목관절/일반,110001,강남구,110000,서울,408,http://www.samsunghospital.com/home/info/unInsuraList.do,삼성서울병원,"자기공명단층촬영 (Ankle, Lt)",JDQ4MTg4MSM1MSMkMSMkMCMkODkkMzgxMzUxIzExIyQxIyQzIyQxMyQzNjEwMDIjODEjJDEjJDIjJDgz
99991231,20251117,1,상급종합,611000,EZ9920000,초음파 검사료(특수 초음파)/내시경초음파,110001,강남구,110000,서울,1166,http://www.samsunghospital.com/home/info/unInsuraList.do,삼성서울병원,내시경초음파,JDQ4MTg4MSM1MSMkMSMkMCMkODkkMzgxMzUxIzExIyQxIyQzIyQxMyQzNjEwMDIjODEjJDEjJDIjJDgz
99991231,20250903,1,상급종합,301880,BF0101VT,치료재료/척추경막외 유착방지제/하이배리(HIBARRY),110001,강남구,110000,서울,1526,http://www.samsunghospital.com/home/info/unInsuraList.do,삼성서울병원,하이배리(HIBARRY),JDQ4MTg4MSM1MSMkMSMkMCMkODkkMzgxMzUxIzExIyQxIyQzIyQxMyQzNjEwMDIjODEjJDEjJDIjJDgz
99991231,20250903,1,상급종합,860000,HE1170000,자기공명영상진단료(MRI-기본검사)/근골격계-수관절/일반,110001,강남구,110000,서울,398,http://www.samsunghospital.com/home/info/unInsuraList.do,삼성서울병원,"자기공명단층촬영 (Wrist, Lt)",JDQ4MTg4MSM1MSMkMSMkMCMkODkkMzgxMzUxIzExIyQxIyQzIyQxMyQzNjEwMDIjODEjJDEjJDIjJDgz
99991231,20250903,1,상급종합,176000,FZ6890000,기능 검사료(신경계 기능검사)/언어전반진단검사,110001,강남구,110000,서울,741,http://www.samsunghospital.com/home/info/unInsuraList.do,삼성서울병원,S/L Eval. I (30min),JDQ4MTg4MSM1MSMkMSMkMCMkODkkMzgxMzUxIzExIyQxIyQzIyQxMyQzNjEwMDIjODEjJDEjJDIjJDgz
99991231,20250903,1,상급종합,1095000,EZ9910001,초음파 검사료(특수 초음파)/기관지내시경초음파 [가이드시스를 이용한 경우 포함]/기관지내시경초음파,110001,강남구,110000,서울,1569,http://www.samsunghospital.com/home/info/unInsuraList.do,삼성서울병원,Radial EBUS with TBNA,JDQ4MTg4MSM1MSMkMSMkMCMkODkkMzgxMzUxIzExIyQxIyQzIyQxMyQzNjEwMDIjODEjJDEjJDIjJDgz
99991231,20250903,1,상급종합,1061000,HE2210000,자기공명영상진단료(MRI-기본검사)/근골격계-발목관절/조영제 주입 전·후 촬영 판독,110001,강남구,110000,서울,1034,http://www.samsunghospital.com/home/info/unInsuraList.do,삼성서울병원,"자기공명단층촬영 (Ankle, Rt)",JDQ4MTg4MSM1MSMkMSMkMCMkODkkMzgxMzUxIzExIyQxIyQzIyQxMyQzNjEwMDIjODEjJDEjJDIjJDgz
99991231,20250903,1,상급종합,126000,EZ7770000,"기능 검사료(외피, 근골 기능 검사)/동적 족저압측정",110001,강남구,110000,서울,990,http://www.samsunghospital.com/home/info/unInsuraList.do,삼성서울병원,동적 족저압측정- Full,JDQ4MTg4MSM1MSMkMSMkMCMkODkkMzgxMzUxIzExIyQxIyQzIyQxMyQzNjEwMDIjODEjJDEjJDIjJDgz
99991231,20250903,1,상급종합,670000,BI0204EB,치료재료/조절성 인공수정체/ACRYSOF IQ TORIC NATURAL IOL(T2-T5),110001,강남구,110000,서울,1365,http://www.samsunghospital.com/home/info/unInsuraList.do,삼성서울병원,ACRYSOFT IQ TORIC NATURAL IOL  (SN6AT3),JDQ4MTg4MSM1MSMkMSMkMCMkODkkMzgxMzUxIzExIyQxIyQzIyQxMyQzNjEwMDIjODEjJDEjJDIjJDgz
99991231,20250903,1,상급종합,149000,EB5030000,초음파검사료(진단초음파)/신경-말초신경 초음파/편측,110001,강남구,110000,서울,1509,http://www.samsunghospital.com/home/info/unInsuraList.do,삼성서울병원,신경-말초신경 초음파(편측)-상지,JDQ4MTg4MSM1MSMkMSMkMCMkODkkMzgxMzUxIzExIyQxIyQzIyQxMyQzNjEwMDIjODEjJDEjJDIjJDgz
99991231,20250903,1,상급종합,77000,EB4610000,"초음파검사료(진단초음파)/근골격, 연부-관절 초음파/손가락 ",110001,강남구,110000,서울,409,http://www.samsunghospital.com/home/info/unInsuraList.do,삼성서울병원,"초음파검사-근골격,연부-사지관절[편측]-손가락",JDQ4MTg4MSM1MSMkMSMkMCMkODkkMzgxMzUxIzExIyQxIyQzIyQxMyQzNjEwMDIjODEjJDEjJDIjJDgz
99991231,20250903,1,상급종합,150000,EB4630000,"초음파검사료(진단초음파)/근골격, 연부-관절 초음파/주관절",110001,강남구,110000,서울,429,http://www.samsunghospital.com/home/info/unInsuraList.do,삼성서울병원,"초음파검사-근골격,연부-사지관절[편측]-주관절도플러",JDQ4MTg4MSM1MSMkMSMkMCMkODkkMzgxMzUxIzExIyQxIyQzIyQxMyQzNjEwMDIjODEjJDEjJDIjJDgz
99991231,20250903,1,상급종합,1570000,BC0301BU,치료재료/재조합골형성단백질(RHBMP-2) 함유 골이식재/BIO BMP2,110001,강남구,110000,서울,1684,http://www.samsunghospital.com/home/info/unInsuraList.do,삼성서울병원,BIO BMP2  (0.5cc),JDQ4MTg4MSM1MSMkMSMkMCMkODkkMzgxMzUxIzExIyQxIyQzIyQxMyQzNjEwMDIjODEjJDEjJDIjJDgz
99991231,20250903,1,상급종합,68000,FZ7330000,기능 검사료(평형 및 청각 기능검사)/비디오전기안진검사,110001,강남구,110000,서울,748,http://www.samsunghospital.com/home/info/unInsuraList.do,삼성서울병원,"비디오전기안진검사(Video nystagmography-gaze(saccades, pursuit))",JDQ4MTg4MSM1MSMkMSMkMCMkODkkMzgxMzUxIzExIyQxIyQzIyQxMyQzNjEwMDIjODEjJDEjJDIjJDgz
99991231,20250903,1,상급종합,108000,FZ7140000,기능 검사료(신경계 기능검사)/초음파를 활용한 뇌혈류 기능검사,110001,강남구,110000,서울,1019,http://www.samsunghospital.com/home/info/unInsuraList.do,삼성서울병원,"뇌혈류검사, 기타 (초음파를 활용한 뇌혈류 기능검사)",JDQ4MTg4MSM1MSMkMSMkMCMkODkkMzgxMzUxIzExIyQxIyQzIyQxMyQzNjEwMDIjODEjJDEjJDIjJDgz
99991231,20251117,1,상급종합,30000,3Z2102201,병리검사료/세포병리검사/일반세포검사-자궁질 세포병리검사,110001,강남구,110000,서울,1758,http://www.samsunghospital.com/home/info/unInsuraList.do,삼성서울병원,일반세포검사(자궁질세포병리검사)-Vulvar,JDQ4MTg4MSM1MSMkMSMkMCMkODkkMzgxMzUxIzExIyQxIyQzIyQxMyQzNjEwMDIjODEjJDEjJDIjJDgz
99991231,20250903,1,상급종합,330000,EB4820000,초음파검사료(진단초음파)/혈관-두개외 혈관 도플러 초음파/경동맥,110001,강남구,110000,서울,778,http://www.samsunghospital.com/home/info/unInsuraList.do,삼성서울병원,혈관-두개외 혈관 도플러 초음파-경동맥,JDQ4MTg4MSM1MSMkMSMkMCMkODkkMzgxMzUxIzExIyQxIyQzIyQxMyQzNjEwMDIjODEjJDEjJDIjJDgz
99991231,20250903,1,상급종합,119000,EZ8740000,기능 검사료(순환기 기능 검사)/미세전위 T 교대파 검사,110001,강남구,110000,서울,993,http://www.samsunghospital.com/home/info/unInsuraList.do,삼성서울병원,미세전위 T 교대파 검사(Time Domain 방법),JDQ4MTg4MSM1MSMkMSMkMCMkODkkMzgxMzUxIzExIyQxIyQzIyQxMyQzNjEwMDIjODEjJDEjJDIjJDgz
99991231,20250903,1,상급종합,230000,FZ7330000,기능 검사료(평형 및 청각 기능검사)/비디오전기안진검사,110001,강남구,110000,서울,753,http://www.samsunghospital.com/home/info/unInsuraList.do,삼성서울병원,비디오전기안진검사(Video nystamnography-particle repositioning),JDQ4MTg4MSM1MSMkMSMkMCMkODkkMzgxMzUxIzExIyQxIyQzIyQxMyQzNjEwMDIjODEjJDEjJDIjJDgz
99991231,20250903,1,상급종합,1231000,UW609F340,치과의 보철료/크라운/올세라믹,110001,강남구,110000,서울,1223,http://www.samsunghospital.com/home/info/unInsuraList.do,삼성서울병원,All Ceramic Crown (B),JDQ4MTg4MSM1MSMkMSMkMCMkODkkMzgxMzUxIzExIyQxIyQzIyQxMyQzNjEwMDIjODEjJDEjJDIjJDgz
99991231,20250903,1,상급종합,14087000,QZ9610002,처치 및 수술료(기타)/로봇 보조 수술 [시술시 소요재료 포함]-다빈치 기기/갑상선악성종양근치수술(갑상선암),110001,강남구,110000,서울,1661,http://www.samsunghospital.com/home/info/unInsuraList.do,삼성서울병원,Robotic Thyroidectomy B-SP,JDQ4MTg4MSM1MSMkMSMkMCMkODkkMzgxMzUxIzExIyQxIyQzIyQxMyQzNjEwMDIjODEjJDEjJDIjJDgz
99991231,20250903,1,상급종합,279000,EB4020000,초음파검사료(기본초음파)/단순초음파/Ⅱ,110001,강남구,110000,서울,1396,http://www.samsunghospital.com/home/info/unInsuraList.do,삼성서울병원,단순초음파(Ⅱ) 위치확인(특수),JDQ4MTg4MSM1MSMkMSMkMCMkODkkMzgxMzUxIzExIyQxIyQzIyQxMyQzNjEwMDIjODEjJDEjJDIjJDgz
99991231,20251117,1,상급종합,599000,EZ9920000,초음파 검사료(특수 초음파)/내시경초음파,110001,강남구,110000,서울,1612,http://www.samsunghospital.com/home/info/unInsuraList.do,삼성서울병원,(전자식) 상부 내시경초음파,JDQ4MTg4MSM1MSMkMSMkMCMkODkkMzgxMzUxIzExIyQxIyQzIyQxMyQzNjEwMDIjODEjJDEjJDIjJDgz
99991231,20250903,1,상급종합,674000,BM0004EE,치료재료/유방 생검용/MAMMOTOME REVOLVE SYSTEM(PROBE & VACUUM SET),110001,강남구,110000,서울,579,http://www.samsunghospital.com/home/info/unInsuraList.do,삼성서울병원,"MAMMOTOME REVOLVE SYSTEM(PROBE & VACUUM SET)  (8G, MHUS08)",JDQ4MTg4MSM1MSMkMSMkMCMkODkkMzgxMzUxIzExIyQxIyQzIyQxMyQzNjEwMDIjODEjJDEjJDIjJDgz
99991231,20250903,1,상급종합,391000,EB5620000,초음파 검사료(유도 초음파)/유도초음파/Ⅱ,110001,강남구,110000,서울,1136,http://www.samsunghospital.com/home/info/unInsuraList.do,삼성서울병원,유도초음파(Ⅱ) NECK US,JDQ4MTg4MSM1MSMkMSMkMCMkODkkMzgxMzUxIzExIyQxIyQzIyQxMyQzNjEwMDIjODEjJDEjJDIjJDgz
99991231,20250903,1,상급종합,223000,EB4690000,"초음파검사료(진단초음파)/근골격, 연부-관절 초음파/류마티스성 질환에 의한 다발성 관절염",110001,강남구,110000,서울,307,http://www.samsunghospital.com/home/info/unInsuraList.do,삼성서울병원,"근골격, 연부-관절 초음파-류마티스 질환에 의한 다발성 관절염도플러",JDQ4MTg4MSM1MSMkMSMkMCMkODkkMzgxMzUxIzExIyQxIyQzIyQxMyQzNjEwMDIjODEjJDEjJDIjJDgz
99991231,20250903,1,상급종합,250000,3Z5200303,예방접종료/대상포진/싱그릭스주,110001,강남구,110000,서울,1584,http://www.samsunghospital.com/home/info/unInsuraList.do,삼성서울병원,싱그릭스주[대상포진바이러스백신(유전자재조합)]_(0.05mg/1세트),JDQ4MTg4MSM1MSMkMSMkMCMkODkkMzgxMzUxIzExIyQxIyQzIyQxMyQzNjEwMDIjODEjJDEjJDIjJDgz
99991231,20250903,1,상급종합,11500000,QZ9610009,처치 및 수술료(기타)/로봇 보조 수술 [시술시 소요재료 포함]-다빈치 기기/근치적전립선적출술(전립선암),110001,강남구,110000,서울,1663,http://www.samsunghospital.com/home/info/unInsuraList.do,삼성서울병원,다빈치 로봇 수술 d,JDQ4MTg4MSM1MSMkMSMkMCMkODkkMzgxMzUxIzExIyQxIyQzIyQxMyQzNjEwMDIjODEjJDEjJDIjJDgz
99991231,20250903,1,상급종합,320000,EB4820000,초음파검사료(진단초음파)/혈관-두개외 혈관 도플러 초음파/경동맥,110001,강남구,110000,서울,781,http://www.samsunghospital.com/home/info/unInsuraList.do,삼성서울병원,두경부-경동맥혈관 초음파,JDQ4MTg4MSM1MSMkMSMkMCMkODkkMzgxMzUxIzExIyQxIyQzIyQxMyQzNjEwMDIjODEjJDEjJDIjJDgz
99991231,20250903,1,상급종합,752000,BTS01115,치료재료/동종진피(IMPLANT용-유방재건술용 제외)/CGDERM ONE-STEP,110001,강남구,110000,서울,1736,http://www.samsunghospital.com/home/info/unInsuraList.do,삼성서울병원,CGDERM ONE STEP  (3x7 (0.5-0.7mm)),JDQ4MTg4MSM1MSMkMSMkMCMkODkkMzgxMzUxIzExIyQxIyQzIyQxMyQzNjEwMDIjODEjJDEjJDIjJDgz
99991231,20250903,1,상급종합,175000,EB5620000,초음파 검사료(유도 초음파)/유도초음파/Ⅱ,110001,강남구,110000,서울,1125,http://www.samsunghospital.com/home/info/unInsuraList.do,삼성서울병원,유도초음파(Ⅱ) JOINT & SOFT TISSUE,JDQ4MTg4MSM1MSMkMSMkMCMkODkkMzgxMzUxIzExIyQxIyQzIyQxMyQzNjEwMDIjODEjJDEjJDIjJDgz
99991231,20250903,1,상급종합,10000,PDZ010001,제증명수수료/진단서/건강,110001,강남구,110000,서울,90,http://www.samsunghospital.com/home/info/unInsuraList.do,삼성서울병원,일반건강진단서,JDQ4MTg4MSM1MSMkMSMkMCMkODkkMzgxMzUxIzExIyQxIyQzIyQxMyQzNjEwMDIjODEjJDEjJDIjJDgz
99991231,20250903,1,상급종합,329000,EB4020000,초음파검사료(기본초음파)/단순초음파/Ⅱ,110001,강남구,110000,서울,1398,http://www.samsunghospital.com/home/info/unInsuraList.do,삼성서울병원,단순초음파(Ⅱ)-가성동맥류 주사부위 위치확인 초음파,JDQ4MTg4MSM1MSMkMSMkMCMkODkkMzgxMzUxIzExIyQxIyQzIyQxMyQzNjEwMDIjODEjJDEjJDIjJDgz
99991231,20250903,1,상급종합,16500000,QZ9610002,처치 및 수술료(기타)/로봇 보조 수술 [시술시 소요재료 포함]-다빈치 기기/갑상선악성종양근치수술(갑상선암),110001,강남구,110000,서울,1216,http://www.samsunghospital.com/home/info/unInsuraList.do,삼성서울병원,다빈치 로봇 수술 c,JDQ4MTg4MSM1MSMkMSMkMCMkODkkMzgxMzUxIzExIyQxIyQzIyQxMyQzNjEwMDIjODEjJDEjJDIjJDgz
99991231,20250903,1,상급종합,79000,FY8820000,기능 검사료(신경계 기능검사)/정량적감각기능검사/온도역치,110001,강남구,110000,서울,1249,http://www.samsunghospital.com/home/info/unInsuraList.do,삼성서울병원,정량적감각기능검사-온도역치,JDQ4MTg4MSM1MSMkMSMkMCMkODkkMzgxMzUxIzExIyQxIyQzIyQxMyQzNjEwMDIjODEjJDEjJDIjJDgz
99991231,20250903,1,상급종합,1020000,HE2150000,자기공명영상진단료(MRI-기본검사)/근골격계-견관절/조영제 주입 전·후 촬영 판독,110001,강남구,110000,서울,1185,http://www.samsunghospital.com/home/info/unInsuraList.do,삼성서울병원,"자기공명단층촬영 (Shoulder, Rt)",JDQ4MTg4MSM1MSMkMSMkMCMkODkkMzgxMzUxIzExIyQxIyQzIyQxMyQzNjEwMDIjODEjJDEjJDIjJDgz
99991231,20250903,1,상급종합,916000,HE1200000,자기공명영상진단료(MRI-기본검사)/근골격계-슬관절/일반,110001,강남구,110000,서울,403,http://www.samsunghospital.com/home/info/unInsuraList.do,삼성서울병원,"자기공명단층촬영 (Knee, Lt)",JDQ4MTg4MSM1MSMkMSMkMCMkODkkMzgxMzUxIzExIyQxIyQzIyQxMyQzNjEwMDIjODEjJDEjJDIjJDgz
99991231,20250903,1,상급종합,287000,EB4700000,"초음파검사료(진단초음파)/근골격, 연부-연부조직 초음파/일반",110001,강남구,110000,서울,1404,http://www.samsunghospital.com/home/info/unInsuraList.do,삼성서울병원,"근골격, 연부-연부조직 초음파-일반 도플러(TRUNK)",JDQ4MTg4MSM1MSMkMSMkMCMkODkkMzgxMzUxIzExIyQxIyQzIyQxMyQzNjEwMDIjODEjJDEjJDIjJDgz
99991231,20250903,1,상급종합,354000,EB5610000,초음파 검사료(유도 초음파)/유도초음파/Ⅰ,110001,강남구,110000,서울,1121,http://www.samsunghospital.com/home/info/unInsuraList.do,삼성서울병원,유도초음파(Ⅰ)-유방 국소 타투,JDQ4MTg4MSM1MSMkMSMkMCMkODkkMzgxMzUxIzExIyQxIyQzIyQxMyQzNjEwMDIjODEjJDEjJDIjJDgz
99991231,20250903,1,상급종합,144000,EZ8670000,기능 검사료(순환기 기능 검사)/정맥역류검사,110001,강남구,110000,서울,759,http://www.samsunghospital.com/home/info/unInsuraList.do,삼성서울병원,"Ice water test(Raynaud), Toes",JDQ4MTg4MSM1MSMkMSMkMCMkODkkMzgxMzUxIzExIyQxIyQzIyQxMyQzNjEwMDIjODEjJDEjJDIjJDgz
99991231,20251117,1,상급종합,777000,EZ9920000,초음파 검사료(특수 초음파)/내시경초음파,110001,강남구,110000,서울,1169,http://www.samsunghospital.com/home/info/unInsuraList.do,삼성서울병원,내시경초음파,JDQ4MTg4MSM1MSMkMSMkMCMkODkkMzgxMzUxIzExIyQxIyQzIyQxMyQzNjEwMDIjODEjJDEjJDIjJDgz
99991231,20250903,1,상급종합,291000,EB4650000,"초음파검사료(진단초음파)/근골격, 연부-관절 초음파/고관절",110001,강남구,110000,서울,484,http://www.samsunghospital.com/home/info/unInsuraList.do,삼성서울병원,"초음파검사-근골격,연부-사지관절[편측]-고관절,도플러",JDQ4MTg4MSM1MSMkMSMkMCMkODkkMzgxMzUxIzExIyQxIyQzIyQxMyQzNjEwMDIjODEjJDEjJDIjJDgz
99991231,20250903,1,상급종합,1700000,BJ4505BM,치료재료/혈관내영상카테타/OPTICROSS HD CORONARY IMAGING CATHETER,110001,강남구,110000,서울,1449,http://www.samsunghospital.com/home/info/unInsuraList.do,삼성서울병원,OPTICROSS HD CORONARY IMAGING CATHETER,JDQ4MTg4MSM1MSMkMSMkMCMkODkkMzgxMzUxIzExIyQxIyQzIyQxMyQzNjEwMDIjODEjJDEjJDIjJDgz
99991231,20250903,1,상급종합,2180000,BI0202KU,"치료재료/조절성 인공수정체/FINEVISION TORIC, POD FT",110001,강남구,110000,서울,945,http://www.samsunghospital.com/home/info/unInsuraList.do,삼성서울병원,"FINEVISION TORIC, POD FT",JDQ4MTg4MSM1MSMkMSMkMCMkODkkMzgxMzUxIzExIyQxIyQzIyQxMyQzNjEwMDIjODEjJDEjJDIjJDgz
99991231,20250903,1,상급종합,289000,BM2101QT,치료재료/척추경막외 유착방지제/MEDICLORE,110001,강남구,110000,서울,1229,http://www.samsunghospital.com/home/info/unInsuraList.do,삼성서울병원,MEDICLORE  (3CC),JDQ4MTg4MSM1MSMkMSMkMCMkODkkMzgxMzUxIzExIyQxIyQzIyQxMyQzNjEwMDIjODEjJDEjJDIjJDgz
99991231,20250903,1,상급종합,789000,UW607F320,치과의 보철료/크라운/Gold,110001,강남구,110000,서울,72,http://www.samsunghospital.com/home/info/unInsuraList.do,삼성서울병원,Full Veneer Gold Crown (B),JDQ4MTg4MSM1MSMkMSMkMCMkODkkMzgxMzUxIzExIyQxIyQzIyQxMyQzNjEwMDIjODEjJDEjJDIjJDgz
99991231,20250903,1,상급종합,100000,PDZ140002,제증명수수료/향후진료비추정서/천만원 이상,110001,강남구,110000,서울,114,http://www.samsunghospital.com/home/info/unInsuraList.do,삼성서울병원,향후진료비추정서 (천만원이상),JDQ4MTg4MSM1MSMkMSMkMCMkODkkMzgxMzUxIzExIyQxIyQzIyQxMyQzNjEwMDIjODEjJDEjJDIjJDgz
99991231,20250903,1,상급종합,61000,AZ0080000,교육상담료/고지혈증교육,110001,강남구,110000,서울,141,http://www.samsunghospital.com/home/info/unInsuraList.do,삼성서울병원,고지혈증(전당뇨) 교육,JDQ4MTg4MSM1MSMkMSMkMCMkODkkMzgxMzUxIzExIyQxIyQzIyQxMyQzNjEwMDIjODEjJDEjJDIjJDgz
99991231,20250903,1,상급종합,79000,FY8810000,기능 검사료(신경계 기능검사)/정량적감각기능검사/진동역치,110001,강남구,110000,서울,1247,http://www.samsunghospital.com/home/info/unInsuraList.do,삼성서울병원,정량적감각기능검사-진동역치,JDQ4MTg4MSM1MSMkMSMkMCMkODkkMzgxMzUxIzExIyQxIyQzIyQxMyQzNjEwMDIjODEjJDEjJDIjJDgz
99991231,20250903,1,상급종합,123000,FZ6890000,기능 검사료(신경계 기능검사)/언어전반진단검사,110001,강남구,110000,서울,649,http://www.samsunghospital.com/home/info/unInsuraList.do,삼성서울병원,H-언어전반진단검사I(30분),JDQ4MTg4MSM1MSMkMSMkMCMkODkkMzgxMzUxIzExIyQxIyQzIyQxMyQzNjEwMDIjODEjJDEjJDIjJDgz
99991231,20250903,1,상급종합,435000,RZ6460000,처치 및 수술료(보조생식술)/자궁강내 정자주입술[초음파 유도료 포함],110001,강남구,110000,서울,480,http://www.samsunghospital.com/home/info/unInsuraList.do,삼성서울병원,자궁강내 정자주입술[초음파유도료 포함],JDQ4MTg4MSM1MSMkMSMkMCMkODkkMzgxMzUxIzExIyQxIyQzIyQxMyQzNjEwMDIjODEjJDEjJDIjJDgz
99991231,20250903,1,상급종합,714000,RZ6420002,처치 및 수술료(보조생식술)/수정 및 확인/세포질내 정자주입술,110001,강남구,110000,서울,463,http://www.samsunghospital.com/home/info/unInsuraList.do,삼성서울병원,수정 및 확인-세포질내 정자 주입술-6~10개,JDQ4MTg4MSM1MSMkMSMkMCMkODkkMzgxMzUxIzExIyQxIyQzIyQxMyQzNjEwMDIjODEjJDEjJDIjJDgz
99991231,20250903,1,상급종합,377000,EB4870000,초음파검사료(진단초음파)/혈관-사지혈관 도플러 초음파/하지-동맥,110001,강남구,110000,서울,609,http://www.samsunghospital.com/home/info/unInsuraList.do,삼성서울병원,초음파검사-혈관-하지혈관[양측]-동맥,JDQ4MTg4MSM1MSMkMSMkMCMkODkkMzgxMzUxIzExIyQxIyQzIyQxMyQzNjEwMDIjODEjJDEjJDIjJDgz
99991231,20250903,1,상급종합,100,PDZ110102,제증명수수료/진료기록사본/6매 이상,110001,강남구,110000,서울,539,http://www.samsunghospital.com/home/info/unInsuraList.do,삼성서울병원,의무기록사본발급 (6매이상),JDQ4MTg4MSM1MSMkMSMkMCMkODkkMzgxMzUxIzExIyQxIyQzIyQxMyQzNjEwMDIjODEjJDEjJDIjJDgz
99991231,20250903,1,상급종합,1020000,BTS01115,치료재료/동종진피(IMPLANT용-유방재건술용 제외)/CGDERM ONE-STEP,110001,강남구,110000,서울,1735,http://www.samsunghospital.com/home/info/unInsuraList.do,삼성서울병원,CGDERM ONE STEP (Brain)  (4x5 (1-2mm)),JDQ4MTg4MSM1MSMkMSMkMCMkODkkMzgxMzUxIzExIyQxIyQzIyQxMyQzNjEwMDIjODEjJDEjJDIjJDgz
99991231,20250903,1,상급종합,227000,AZ0010000,교육상담료/당뇨병교육,110001,강남구,110000,서울,1442,http://www.samsunghospital.com/home/info/unInsuraList.do,삼성서울병원,연속혈당측정기(CGM) 연동 인슐린 주입기기 입원 프로그램,JDQ4MTg4MSM1MSMkMSMkMCMkODkkMzgxMzUxIzExIyQxIyQzIyQxMyQzNjEwMDIjODEjJDEjJDIjJDgz
99991231,20250903,1,상급종합,150000,PDZ020002,제증명수수료/상해진단서/3주 이상,110001,강남구,110000,서울,112,http://www.samsunghospital.com/home/info/unInsuraList.do,삼성서울병원,"상해진단서, 3주 이상",JDQ4MTg4MSM1MSMkMSMkMCMkODkkMzgxMzUxIzExIyQxIyQzIyQxMyQzNjEwMDIjODEjJDEjJDIjJDgz
99991231,20250903,1,상급종합,50000,3Z5201114,예방접종료/인플루엔자(독감)/플루아드쿼드프리필드시린지,110001,강남구,110000,서울,1665,http://www.samsunghospital.com/home/info/unInsuraList.do,삼성서울병원,"Influenza vac. PFS 0.5ml(4가, 만65세이상)",JDQ4MTg4MSM1MSMkMSMkMCMkODkkMzgxMzUxIzExIyQxIyQzIyQxMyQzNjEwMDIjODEjJDEjJDIjJDgz
99991231,20250903,1,상급종합,400000,EZ9850000,초음파 검사료(유도 초음파)/수술 중 초음파,110001,강남구,110000,서울,1100,http://www.samsunghospital.com/home/info/unInsuraList.do,삼성서울병원,"초음파(Tumor, Intra-op)",JDQ4MTg4MSM1MSMkMSMkMCMkODkkMzgxMzUxIzExIyQxIyQzIyQxMyQzNjEwMDIjODEjJDEjJDIjJDgz
99991231,20250903,1,상급종합,101000,EZ9850000,초음파 검사료(유도 초음파)/수술 중 초음파,110001,강남구,110000,서울,1094,http://www.samsunghospital.com/home/info/unInsuraList.do,삼성서울병원,혈관위치확인 초음파 (수술 중 초음파),JDQ4MTg4MSM1MSMkMSMkMCMkODkkMzgxMzUxIzExIyQxIyQzIyQxMyQzNjEwMDIjODEjJDEjJDIjJDgz
99991231,20250903,1,상급종합,948000,HE1010001,자기공명영상진단료(MRI-기본검사)/뇌/일반,110001,강남구,110000,서울,1292,http://www.samsunghospital.com/home/info/unInsuraList.do,삼성서울병원,자기공명단층촬영 (Brain Routine),JDQ4MTg4MSM1MSMkMSMkMCMkODkkMzgxMzUxIzExIyQxIyQzIyQxMyQzNjEwMDIjODEjJDEjJDIjJDgz
99991231,20250903,1,상급종합,154000,EZ8670000,기능 검사료(순환기 기능 검사)/정맥역류검사,110001,강남구,110000,서울,762,http://www.samsunghospital.com/home/info/unInsuraList.do,삼성서울병원,Air Plethysmograph,JDQ4MTg4MSM1MSMkMSMkMCMkODkkMzgxMzUxIzExIyQxIyQzIyQxMyQzNjEwMDIjODEjJDEjJDIjJDgz
99991231,20250903,1,상급종합,181000,EB4020000,초음파검사료(기본초음파)/단순초음파/Ⅱ,110001,강남구,110000,서울,1085,http://www.samsunghospital.com/home/info/unInsuraList.do,삼성서울병원,단순초음파(Ⅱ) 시술시,JDQ4MTg4MSM1MSMkMSMkMCMkODkkMzgxMzUxIzExIyQxIyQzIyQxMyQzNjEwMDIjODEjJDEjJDIjJDgz
99991231,20250903,1,상급종합,909000,HE1230000,자기공명영상진단료(MRI-기본검사)/근골격계-관절외 하지/일반,110001,강남구,110000,서울,436,http://www.samsunghospital.com/home/info/unInsuraList.do,삼성서울병원,"자기공명단층촬영 (Foot, Rt)",JDQ4MTg4MSM1MSMkMSMkMCMkODkkMzgxMzUxIzExIyQxIyQzIyQxMyQzNjEwMDIjODEjJDEjJDIjJDgz
99991231,20250903,1,상급종합,468000,EB4330000,초음파검사료(진단초음파)/심장-경흉부 심초음파/전문,110001,강남구,110000,서울,591,http://www.samsunghospital.com/home/info/unInsuraList.do,삼성서울병원,진단초음파-심장-경흉부심초음파-전문,JDQ4MTg4MSM1MSMkMSMkMCMkODkkMzgxMzUxIzExIyQxIyQzIyQxMyQzNjEwMDIjODEjJDEjJDIjJDgz
99991231,20250903,1,상급종합,250000,EZ9850000,초음파 검사료(유도 초음파)/수술 중 초음파,110001,강남구,110000,서울,1090,http://www.samsunghospital.com/home/info/unInsuraList.do,삼성서울병원,Intra-op kidney US(수술 중 초음파),JDQ4MTg4MSM1MSMkMSMkMCMkODkkMzgxMzUxIzExIyQxIyQzIyQxMyQzNjEwMDIjODEjJDEjJDIjJDgz
99991231,20250903,1,상급종합,4447810,BTS01024,치료재료/동종진피(IMPLANT용-유방재건술용 제외)/DERMACELL(MESHED/UNMESHED),110001,강남구,110000,서울,1725,http://www.samsunghospital.com/home/info/unInsuraList.do,삼성서울병원,DECELLULARIZED DERMIS  (6*16cm),JDQ4MTg4MSM1MSMkMSMkMCMkODkkMzgxMzUxIzExIyQxIyQzIyQxMyQzNjEwMDIjODEjJDEjJDIjJDgz
99991231,20250903,1,상급종합,58000,EB4020000,초음파검사료(기본초음파)/단순초음파/Ⅱ,110001,강남구,110000,서울,1493,http://www.samsunghospital.com/home/info/unInsuraList.do,삼성서울병원,단순초음파(Ⅱ)-사지관절 injection,JDQ4MTg4MSM1MSMkMSMkMCMkODkkMzgxMzUxIzExIyQxIyQzIyQxMyQzNjEwMDIjODEjJDEjJDIjJDgz
99991231,20250903,1,상급종합,939000,HE1180000,자기공명영상진단료(MRI-기본검사)/근골격계-고관절/일반,110001,강남구,110000,서울,400,http://www.samsunghospital.com/home/info/unInsuraList.do,삼성서울병원,자기공명단층촬영 (Hip),JDQ4MTg4MSM1MSMkMSMkMCMkODkkMzgxMzUxIzExIyQxIyQzIyQxMyQzNjEwMDIjODEjJDEjJDIjJDgz
99991231,20250903,1,상급종합,162000,EZ8680000,기능 검사료(순환기 기능 검사)/동맥경화도검사(맥파전달속도측정),110001,강남구,110000,서울,151,http://www.samsunghospital.com/home/info/unInsuraList.do,삼성서울병원,동맥경화도검사(맥파전달속도측정),JDQ4MTg4MSM1MSMkMSMkMCMkODkkMzgxMzUxIzExIyQxIyQzIyQxMyQzNjEwMDIjODEjJDEjJDIjJDgz
99991231,20250903,1,상급종합,10000,PDZ010002,제증명수수료/진단서/근로능력평가용,110001,강남구,110000,서울,91,http://www.samsunghospital.com/home/info/unInsuraList.do,삼성서울병원,근로능력평가용 진단서,JDQ4MTg4MSM1MSMkMSMkMCMkODkkMzgxMzUxIzExIyQxIyQzIyQxMyQzNjEwMDIjODEjJDEjJDIjJDgz
99991231,20250903,1,상급종합,1850000,OY2010000,처치 및 수술료(순환기)/고주파정맥내막폐쇄술[유도료 포함]/교통정맥결찰술을 동반한 경우,110001,강남구,110000,서울,51,http://www.samsunghospital.com/home/info/unInsuraList.do,삼성서울병원,고주파정맥내막폐쇄술 편측(교통정맥결찰술 동반)[유도료포함],JDQ4MTg4MSM1MSMkMSMkMCMkODkkMzgxMzUxIzExIyQxIyQzIyQxMyQzNjEwMDIjODEjJDEjJDIjJDgz
99991231,20250903,1,상급종합,1036000,HE2220000,자기공명영상진단료(MRI-기본검사)/근골격계-관절외 상지/조영제 주입 전·후 촬영 판독,110001,강남구,110000,서울,1417,http://www.samsunghospital.com/home/info/unInsuraList.do,삼성서울병원,자기공명단층촬영 (Brachial Plexus),JDQ4MTg4MSM1MSMkMSMkMCMkODkkMzgxMzUxIzExIyQxIyQzIyQxMyQzNjEwMDIjODEjJDEjJDIjJDgz
99991231,20251117,1,상급종합,112000,NZ0090000,정신요법료/기타 행동치료/신경발달중재치료,110001,강남구,110000,서울,1770,http://www.samsunghospital.com/home/info/unInsuraList.do,삼성서울병원,신경발달중재치료A04,JDQ4MTg4MSM1MSMkMSMkMCMkODkkMzgxMzUxIzExIyQxIyQzIyQxMyQzNjEwMDIjODEjJDEjJDIjJDgz
99991231,20250903,1,상급종합,250000,BM2103JO,"치료재료/척추경막외 유착방지제/GUARDIX-SP PLUS(가딕스-SP PLUS),BARRIX(배릭스)",110001,강남구,110000,서울,1376,http://www.samsunghospital.com/home/info/unInsuraList.do,삼성서울병원,가딕스 SP+  (3g),JDQ4MTg4MSM1MSMkMSMkMCMkODkkMzgxMzUxIzExIyQxIyQzIyQxMyQzNjEwMDIjODEjJDEjJDIjJDgz
99991231,20250903,1,상급종합,63000,CZ2020000,검체검사료/성호르몬결합글로불린,110001,강남구,110000,서울,968,http://www.samsunghospital.com/home/info/unInsuraList.do,삼성서울병원,SHBG,JDQ4MTg4MSM1MSMkMSMkMCMkODkkMzgxMzUxIzExIyQxIyQzIyQxMyQzNjEwMDIjODEjJDEjJDIjJDgz
99991231,20250903,1,상급종합,66000,EB4020000,초음파검사료(기본초음파)/단순초음파/Ⅱ,110001,강남구,110000,서울,1258,http://www.samsunghospital.com/home/info/unInsuraList.do,삼성서울병원,단순초음파(II) (치과외래),JDQ4MTg4MSM1MSMkMSMkMCMkODkkMzgxMzUxIzExIyQxIyQzIyQxMyQzNjEwMDIjODEjJDEjJDIjJDgz
99991231,20250903,1,상급종합,150000,EB4680000,"초음파검사료(진단초음파)/근골격, 연부-관절 초음파/발목관절",110001,강남구,110000,서울,416,http://www.samsunghospital.com/home/info/unInsuraList.do,삼성서울병원,"근골격, 연부-관절 초음파-발목관절(편측)",JDQ4MTg4MSM1MSMkMSMkMCMkODkkMzgxMzUxIzExIyQxIyQzIyQxMyQzNjEwMDIjODEjJDEjJDIjJDgz
99991231,20250903,1,상급종합,175000,EB4850000,초음파검사료(진단초음파)/혈관-사지혈관 도플러 초음파/상지-정맥,110001,강남구,110000,서울,786,http://www.samsunghospital.com/home/info/unInsuraList.do,삼성서울병원,사지혈관도플러초음파-상지-정맥[편측],JDQ4MTg4MSM1MSMkMSMkMCMkODkkMzgxMzUxIzExIyQxIyQzIyQxMyQzNjEwMDIjODEjJDEjJDIjJDgz
99991231,20250903,1,상급종합,40000,PDZ070002,제증명수수료/장애 정도 심사용 진단서/정신적장애,110001,강남구,110000,서울,97,http://www.samsunghospital.com/home/info/unInsuraList.do,삼성서울병원,장애진단서(정신장애),JDQ4MTg4MSM1MSMkMSMkMCMkODkkMzgxMzUxIzExIyQxIyQzIyQxMyQzNjEwMDIjODEjJDEjJDIjJDgz
99991231,20250903,1,상급종합,152000,EB5130000,초음파검사료(진단초음파)/임산부 초음파/제1삼분기 -정밀,110001,강남구,110000,서울,522,http://www.samsunghospital.com/home/info/unInsuraList.do,삼성서울병원,제1삼분기 임산부(정밀) 초음파,JDQ4MTg4MSM1MSMkMSMkMCMkODkkMzgxMzUxIzExIyQxIyQzIyQxMyQzNjEwMDIjODEjJDEjJDIjJDgz
99991231,20250903,1,상급종합,89000,E78000000,기능 검사료(시기능검사)/눈의 계측검사[편측]/초음파 이용,110001,강남구,110000,서울,1250,http://www.samsunghospital.com/home/info/unInsuraList.do,삼성서울병원,눈의 계측검사-초음파 이용 [편측],JDQ4MTg4MSM1MSMkMSMkMCMkODkkMzgxMzUxIzExIyQxIyQzIyQxMyQzNjEwMDIjODEjJDEjJDIjJDgz
99991231,20250903,1,상급종합,286000,EB4570001,초음파검사료(진단초음파)/복부-여성생식기 초음파/정밀,110001,강남구,110000,서울,1277,http://www.samsunghospital.com/home/info/unInsuraList.do,삼성서울병원,"복부-여성생식기 초음파-정밀, 도플러",JDQ4MTg4MSM1MSMkMSMkMCMkODkkMzgxMzUxIzExIyQxIyQzIyQxMyQzNjEwMDIjODEjJDEjJDIjJDgz
99991231,20250903,1,상급종합,303000,U02410000,치과 처치· 수술료/광중합형 복합레진 충전/우식-3면 이상,110001,강남구,110000,서울,707,http://www.samsunghospital.com/home/info/unInsuraList.do,삼성서울병원,광중합레진(전치) 3면,JDQ4MTg4MSM1MSMkMSMkMCMkODkkMzgxMzUxIzExIyQxIyQzIyQxMyQzNjEwMDIjODEjJDEjJDIjJDgz
99991231,20250903,1,상급종합,140000,EB4640000,"초음파검사료(진단초음파)/근골격, 연부-관절 초음파/슬관절",110001,강남구,110000,서울,469,http://www.samsunghospital.com/home/info/unInsuraList.do,삼성서울병원,"근골격, 연부-관절 초음파-슬관절(편측)",JDQ4MTg4MSM1MSMkMSMkMCMkODkkMzgxMzUxIzExIyQxIyQzIyQxMyQzNjEwMDIjODEjJDEjJDIjJDgz
99991231,20250903,1,상급종합,557000,EB4350000,초음파검사료(진단초음파)/심장-부하 심초음파/운동부하,110001,강남구,110000,서울,777,http://www.samsunghospital.com/home/info/unInsuraList.do,삼성서울병원,진단초음파-심장-부하심초음파-운동부하,JDQ4MTg4MSM1MSMkMSMkMCMkODkkMzgxMzUxIzExIyQxIyQzIyQxMyQzNjEwMDIjODEjJDEjJDIjJDgz
99991231,20250903,1,상급종합,191000,EA0030000,"내시경, 천자 및 생검료 /진정내시경환자관리료 /Ⅲ",110001,강남구,110000,서울,365,http://www.samsunghospital.com/home/info/unInsuraList.do,삼성서울병원,진정내시경 검사관리료 III,JDQ4MTg4MSM1MSMkMSMkMCMkODkkMzgxMzUxIzExIyQxIyQzIyQxMyQzNjEwMDIjODEjJDEjJDIjJDgz
99991231,20250903,1,상급종합,56000,AZ0010000,교육상담료/당뇨병교육,110001,강남구,110000,서울,355,http://www.samsunghospital.com/home/info/unInsuraList.do,삼성서울병원,당뇨부페식교육,JDQ4MTg4MSM1MSMkMSMkMCMkODkkMzgxMzUxIzExIyQxIyQzIyQxMyQzNjEwMDIjODEjJDEjJDIjJDgz
99991231,20250903,1,상급종합,1117000,UW608F320,치과의 보철료/크라운/PFG,110001,강남구,110000,서울,1218,http://www.samsunghospital.com/home/info/unInsuraList.do,삼성서울병원,Porcelain Fused Gold (Precious) B,JDQ4MTg4MSM1MSMkMSMkMCMkODkkMzgxMzUxIzExIyQxIyQzIyQxMyQzNjEwMDIjODEjJDEjJDIjJDgz
99991231,20250903,1,상급종합,990000,BI0213EB,치료재료/조절성 인공수정체/클라레온 비비티,110001,강남구,110000,서울,1617,http://www.samsunghospital.com/home/info/unInsuraList.do,삼성서울병원,CLAREON VIVITY  (전규격),JDQ4MTg4MSM1MSMkMSMkMCMkODkkMzgxMzUxIzExIyQxIyQzIyQxMyQzNjEwMDIjODEjJDEjJDIjJDgz
99991231,20250903,1,상급종합,40000,3Z5201603,"예방접종료/Tdap(파상풍, 디프테리아, 백일해)/아다셀프리필드시린지",110001,강남구,110000,서울,1666,http://www.samsunghospital.com/home/info/unInsuraList.do,삼성서울병원,Td vaccine 0.5ml,JDQ4MTg4MSM1MSMkMSMkMCMkODkkMzgxMzUxIzExIyQxIyQzIyQxMyQzNjEwMDIjODEjJDEjJDIjJDgz
99991231,20250903,1,상급종합,70000,EZ9850000,초음파 검사료(유도 초음파)/수술 중 초음파,110001,강남구,110000,서울,1099,http://www.samsunghospital.com/home/info/unInsuraList.do,삼성서울병원,Breast US(Intraop US)?- 난이도 하,JDQ4MTg4MSM1MSMkMSMkMCMkODkkMzgxMzUxIzExIyQxIyQzIyQxMyQzNjEwMDIjODEjJDEjJDIjJDgz
99991231,20250903,1,상급종합,163000,EB5620000,초음파 검사료(유도 초음파)/유도초음파/Ⅱ,110001,강남구,110000,서울,1133,http://www.samsunghospital.com/home/info/unInsuraList.do,삼성서울병원,"유도초음파(Ⅱ) THYROID, 초음파당일",JDQ4MTg4MSM1MSMkMSMkMCMkODkkMzgxMzUxIzExIyQxIyQzIyQxMyQzNjEwMDIjODEjJDEjJDIjJDgz
99991231,20251117,1,상급종합,134000,NZ0090000,정신요법료/기타 행동치료/신경발달중재치료,110001,강남구,110000,서울,1771,http://www.samsunghospital.com/home/info/unInsuraList.do,삼성서울병원,신경발달중재치료A05,JDQ4MTg4MSM1MSMkMSMkMCMkODkkMzgxMzUxIzExIyQxIyQzIyQxMyQzNjEwMDIjODEjJDEjJDIjJDgz
99991231,20250903,1,상급종합,612000,UZ0820000,치과 처치· 수술료/자가치아 이식술,110001,강남구,110000,서울,719,http://www.samsunghospital.com/home/info/unInsuraList.do,삼성서울병원,Transplantation (per One Tooth),JDQ4MTg4MSM1MSMkMSMkMCMkODkkMzgxMzUxIzExIyQxIyQzIyQxMyQzNjEwMDIjODEjJDEjJDIjJDgz
99991231,20250903,1,상급종합,20000,3Z5200702,예방접종료/수두/스카이바리셀라주,110001,강남구,110000,서울,1347,http://www.samsunghospital.com/home/info/unInsuraList.do,삼성서울병원,스카이바리셀라주(수두생바이러스백신),JDQ4MTg4MSM1MSMkMSMkMCMkODkkMzgxMzUxIzExIyQxIyQzIyQxMyQzNjEwMDIjODEjJDEjJDIjJDgz
99991231,20250903,1,상급종합,284000,EB4700000,"초음파검사료(진단초음파)/근골격, 연부-연부조직 초음파/일반",110001,강남구,110000,서울,1402,http://www.samsunghospital.com/home/info/unInsuraList.do,삼성서울병원,"근골격, 연부-연부조직 초음파-일반 도플러",JDQ4MTg4MSM1MSMkMSMkMCMkODkkMzgxMzUxIzExIyQxIyQzIyQxMyQzNjEwMDIjODEjJDEjJDIjJDgz
99991231,20250903,1,상급종합,4430000,BC0301AW,치료재료/재조합골형성단백질(RHBMP-2) 함유 골이식재/INFUSE RHBMP-2 BONE GRAFT,110001,강남구,110000,서울,1681,http://www.samsunghospital.com/home/info/unInsuraList.do,삼성서울병원,INFUSE RHBMP-2 BONE GRAFT  (2.8CC),JDQ4MTg4MSM1MSMkMSMkMCMkODkkMzgxMzUxIzExIyQxIyQzIyQxMyQzNjEwMDIjODEjJDEjJDIjJDgz
99991231,20250903,1,상급종합,257000,EB4480001,초음파검사료(진단초음파)/복부-비뇨기계 초음파/신장·부신·방광,110001,강남구,110000,서울,1450,http://www.samsunghospital.com/home/info/unInsuraList.do,삼성서울병원,초음파검사-비뇨기계-신장·부신·방광,JDQ4MTg4MSM1MSMkMSMkMCMkODkkMzgxMzUxIzExIyQxIyQzIyQxMyQzNjEwMDIjODEjJDEjJDIjJDgz
99991231,20250903,1,상급종합,2040000,BTS01115,치료재료/동종진피(IMPLANT용-유방재건술용 제외)/CGDERM ONE-STEP,110001,강남구,110000,서울,1734,http://www.samsunghospital.com/home/info/unInsuraList.do,삼성서울병원,시지덤원스텝 (R) (CGDERM ONESTEP)  (3x4),JDQ4MTg4MSM1MSMkMSMkMCMkODkkMzgxMzUxIzExIyQxIyQzIyQxMyQzNjEwMDIjODEjJDEjJDIjJDgz
99991231,20250903,1,상급종합,191000,FZ7140000,기능 검사료(신경계 기능검사)/초음파를 활용한 뇌혈류 기능검사,110001,강남구,110000,서울,1067,http://www.samsunghospital.com/home/info/unInsuraList.do,삼성서울병원,뇌혈류 충혈 검사 (초음파를 활용한 뇌혈류 기능검사),JDQ4MTg4MSM1MSMkMSMkMCMkODkkMzgxMzUxIzExIyQxIyQzIyQxMyQzNjEwMDIjODEjJDEjJDIjJDgz
99991231,20250903,1,상급종합,590000,EZ9940000,초음파 검사료(특수 초음파)/혈관내초음파,110001,강남구,110000,서울,1002,http://www.samsunghospital.com/home/info/unInsuraList.do,삼성서울병원,혈관내초음파(Intravascular Ultrasonography),JDQ4MTg4MSM1MSMkMSMkMCMkODkkMzgxMzUxIzExIyQxIyQzIyQxMyQzNjEwMDIjODEjJDEjJDIjJDgz
99991231,20250903,1,상급종합,213000,EB5620000,초음파 검사료(유도 초음파)/유도초음파/Ⅱ,110001,강남구,110000,서울,1124,http://www.samsunghospital.com/home/info/unInsuraList.do,삼성서울병원,유도초음파(Ⅱ),JDQ4MTg4MSM1MSMkMSMkMCMkODkkMzgxMzUxIzExIyQxIyQzIyQxMyQzNjEwMDIjODEjJDEjJDIjJDgz
99991231,20250903,1,상급종합,670000,BI0204EB,치료재료/조절성 인공수정체/ACRYSOF IQ TORIC NATURAL IOL(T2-T5),110001,강남구,110000,서울,1366,http://www.samsunghospital.com/home/info/unInsuraList.do,삼성서울병원,ACRYSOFT IQ TORIC NATURAL IOL  (SN6AT4),JDQ4MTg4MSM1MSMkMSMkMCMkODkkMzgxMzUxIzExIyQxIyQzIyQxMyQzNjEwMDIjODEjJDEjJDIjJDgz
99991231,20250903,1,상급종합,927000,HE1090000,자기공명영상진단료(MRI-기본검사)/척추-경추/일반,110001,강남구,110000,서울,41,http://www.samsunghospital.com/home/info/unInsuraList.do,삼성서울병원,자기공명단층촬영 (C-Spine),JDQ4MTg4MSM1MSMkMSMkMCMkODkkMzgxMzUxIzExIyQxIyQzIyQxMyQzNjEwMDIjODEjJDEjJDIjJDgz
99991231,20250903,1,상급종합,55000,FY8940000,기능 검사료(신경계 기능검사)/자율신경계이상검사/심박변이도검사,110001,강남구,110000,서울,1013,http://www.samsunghospital.com/home/info/unInsuraList.do,삼성서울병원,스트레스 검사 (Heart Rate Variability),JDQ4MTg4MSM1MSMkMSMkMCMkODkkMzgxMzUxIzExIyQxIyQzIyQxMyQzNjEwMDIjODEjJDEjJDIjJDgz
99991231,20250903,1,상급종합,879120,BJ4301DU,치료재료/고주파 정맥내막폐쇄요법용/VNUS CLOSURE FAST,110001,강남구,110000,서울,86,http://www.samsunghospital.com/home/info/unInsuraList.do,삼성서울병원,VNUS CLOSURE FAST CATHETER  (CF7-7-60),JDQ4MTg4MSM1MSMkMSMkMCMkODkkMzgxMzUxIzExIyQxIyQzIyQxMyQzNjEwMDIjODEjJDEjJDIjJDgz
99991231,20250903,1,상급종합,377000,EB4850000,초음파검사료(진단초음파)/혈관-사지혈관 도플러 초음파/상지-정맥,110001,강남구,110000,서울,607,http://www.samsunghospital.com/home/info/unInsuraList.do,삼성서울병원,초음파검사-혈관-상지혈관[편측]-정맥,JDQ4MTg4MSM1MSMkMSMkMCMkODkkMzgxMzUxIzExIyQxIyQzIyQxMyQzNjEwMDIjODEjJDEjJDIjJDgz
99991231,20250903,1,상급종합,38000,FZ6880000,기능 검사료(신경계 기능검사)/발음 및 발성검사,110001,강남구,110000,서울,647,http://www.samsunghospital.com/home/info/unInsuraList.do,삼성서울병원,발음 및 발성검사-공기역학검사,JDQ4MTg4MSM1MSMkMSMkMCMkODkkMzgxMzUxIzExIyQxIyQzIyQxMyQzNjEwMDIjODEjJDEjJDIjJDgz
99991231,20250903,1,상급종합,284000,EB4540001,초음파검사료(진단초음파)/복부-남성생식기 초음파/음낭,110001,강남구,110000,서울,859,http://www.samsunghospital.com/home/info/unInsuraList.do,삼성서울병원,초음파검사-남성생식기-음낭(도플러),JDQ4MTg4MSM1MSMkMSMkMCMkODkkMzgxMzUxIzExIyQxIyQzIyQxMyQzNjEwMDIjODEjJDEjJDIjJDgz
99991231,20250903,1,상급종합,81000,EB4620000,"초음파검사료(진단초음파)/근골격, 연부-관절 초음파/발가락 ",110001,강남구,110000,서울,419,http://www.samsunghospital.com/home/info/unInsuraList.do,삼성서울병원,"근골격, 연부-관절 초음파-발가락(편측)",JDQ4MTg4MSM1MSMkMSMkMCMkODkkMzgxMzUxIzExIyQxIyQzIyQxMyQzNjEwMDIjODEjJDEjJDIjJDgz
99991231,20250903,1,상급종합,181500,3Z5200803,예방접종료/수막구균/벡세로프리필드시린지,110001,강남구,110000,서울,1651,http://www.samsunghospital.com/home/info/unInsuraList.do,삼성서울병원,Meningococcal vac. group B(벡세로),JDQ4MTg4MSM1MSMkMSMkMCMkODkkMzgxMzUxIzExIyQxIyQzIyQxMyQzNjEwMDIjODEjJDEjJDIjJDgz
99991231,20250903,1,상급종합,588000,EB5620000,초음파 검사료(유도 초음파)/유도초음파/Ⅱ,110001,강남구,110000,서울,1148,http://www.samsunghospital.com/home/info/unInsuraList.do,삼성서울병원,US guided marker Implant for RT (PANCREAS),JDQ4MTg4MSM1MSMkMSMkMCMkODkkMzgxMzUxIzExIyQxIyQzIyQxMyQzNjEwMDIjODEjJDEjJDIjJDgz
99991231,20250903,1,상급종합,1800000,OY2020000,처치 및 수술료(순환기)/고주파정맥내막폐쇄술[유도료 포함]/교통정맥결찰술을 동반하지 않은 경우,110001,강남구,110000,서울,52,http://www.samsunghospital.com/home/info/unInsuraList.do,삼성서울병원,고주파정맥내막폐쇄술 편측(교통정맥결찰술 미동반)[유도료포함],JDQ4MTg4MSM1MSMkMSMkMCMkODkkMzgxMzUxIzExIyQxIyQzIyQxMyQzNjEwMDIjODEjJDEjJDIjJDgz
99991231,20250903,1,상급종합,167000,EA0010000,"내시경, 천자 및 생검료 /진정내시경환자관리료 /Ⅰ",110001,강남구,110000,서울,363,http://www.samsunghospital.com/home/info/unInsuraList.do,삼성서울병원,진정내시경 검사관리료 I,JDQ4MTg4MSM1MSMkMSMkMCMkODkkMzgxMzUxIzExIyQxIyQzIyQxMyQzNjEwMDIjODEjJDEjJDIjJDgz
99991231,20250903,1,상급종합,79000,MZ0060000,이학요법료/언어치료,110001,강남구,110000,서울,809,http://www.samsunghospital.com/home/info/unInsuraList.do,삼성서울병원,말ㆍ언어치료(30분),JDQ4MTg4MSM1MSMkMSMkMCMkODkkMzgxMzUxIzExIyQxIyQzIyQxMyQzNjEwMDIjODEjJDEjJDIjJDgz
99991231,20250903,1,상급종합,604000,HE1200000,자기공명영상진단료(MRI-기본검사)/근골격계-슬관절/일반,110001,강남구,110000,서울,1655,http://www.samsunghospital.com/home/info/unInsuraList.do,삼성서울병원,"자기공명단층촬영 (전방십자인대, 우측)",JDQ4MTg4MSM1MSMkMSMkMCMkODkkMzgxMzUxIzExIyQxIyQzIyQxMyQzNjEwMDIjODEjJDEjJDIjJDgz
99991231,20250903,1,상급종합,348000,EB4900000,초음파검사료(진단초음파)/혈관-대동맥 도플러 초음파,110001,강남구,110000,서울,613,http://www.samsunghospital.com/home/info/unInsuraList.do,삼성서울병원,초음파 (Doppler Abdominal.AORTA),JDQ4MTg4MSM1MSMkMSMkMCMkODkkMzgxMzUxIzExIyQxIyQzIyQxMyQzNjEwMDIjODEjJDEjJDIjJDgz
99991231,20250903,1,상급종합,251000,FZ6890000,기능 검사료(신경계 기능검사)/언어전반진단검사,110001,강남구,110000,서울,744,http://www.samsunghospital.com/home/info/unInsuraList.do,삼성서울병원,S/L Eval. II (60min),JDQ4MTg4MSM1MSMkMSMkMCMkODkkMzgxMzUxIzExIyQxIyQzIyQxMyQzNjEwMDIjODEjJDEjJDIjJDgz
99991231,20250903,1,상급종합,54000,FZ7100000,기능 검사료(신경계 기능검사)/미각검사[인지 및 역치검사],110001,강남구,110000,서울,1393,http://www.samsunghospital.com/home/info/unInsuraList.do,삼성서울병원,미각검사: Simple,JDQ4MTg4MSM1MSMkMSMkMCMkODkkMzgxMzUxIzExIyQxIyQzIyQxMyQzNjEwMDIjODEjJDEjJDIjJDgz
99991231,20250903,1,상급종합,47000,FZ6710000,기능 검사료(호흡기 기능검사)/후각기능(인지 및 역치)검사,110001,강남구,110000,서울,643,http://www.samsunghospital.com/home/info/unInsuraList.do,삼성서울병원,후각기능인지검사,JDQ4MTg4MSM1MSMkMSMkMCMkODkkMzgxMzUxIzExIyQxIyQzIyQxMyQzNjEwMDIjODEjJDEjJDIjJDgz
99991231,20250903,1,상급종합,558000,UZ0040021,치과 처치· 수술료/인레이(Inlay) 및 온레이(Onlay) 간접충전(금 등을 사용한 충전치료)-온레이/금,110001,강남구,110000,서울,1339,http://www.samsunghospital.com/home/info/unInsuraList.do,삼성서울병원,금온레이,JDQ4MTg4MSM1MSMkMSMkMCMkODkkMzgxMzUxIzExIyQxIyQzIyQxMyQzNjEwMDIjODEjJDEjJDIjJDgz
99991231,20250903,1,상급종합,197000,SZ0840000,처치 및 수술료(근골)/체외충격파치료[근골격계질환],110001,강남구,110000,서울,446,http://www.samsunghospital.com/home/info/unInsuraList.do,삼성서울병원,"체외충격파치료[근골격계질환] A, 2부위",JDQ4MTg4MSM1MSMkMSMkMCMkODkkMzgxMzUxIzExIyQxIyQzIyQxMyQzNjEwMDIjODEjJDEjJDIjJDgz
99991231,20250903,1,상급종합,2880000,BTS01115,치료재료/동종진피(IMPLANT용-유방재건술용 제외)/CGDERM ONE-STEP,110001,강남구,110000,서울,1733,http://www.samsunghospital.com/home/info/unInsuraList.do,삼성서울병원,시지덤원스텝 (R) (CGDERM ONESTEP)  (4x6),JDQ4MTg4MSM1MSMkMSMkMCMkODkkMzgxMzUxIzExIyQxIyQzIyQxMyQzNjEwMDIjODEjJDEjJDIjJDgz
99991231,20250903,1,상급종합,316000,BM2103JO,"치료재료/척추경막외 유착방지제/GUARDIX-SP PLUS(가딕스-SP PLUS),BARRIX(배릭스)",110001,강남구,110000,서울,1601,http://www.samsunghospital.com/home/info/unInsuraList.do,삼성서울병원,BARRIX  (5g),JDQ4MTg4MSM1MSMkMSMkMCMkODkkMzgxMzUxIzExIyQxIyQzIyQxMyQzNjEwMDIjODEjJDEjJDIjJDgz
99991231,20250903,1,상급종합,250000,EB4540001,초음파검사료(진단초음파)/복부-남성생식기 초음파/음낭,110001,강남구,110000,서울,858,http://www.samsunghospital.com/home/info/unInsuraList.do,삼성서울병원,초음파 (Doppler Scrotal),JDQ4MTg4MSM1MSMkMSMkMCMkODkkMzgxMzUxIzExIyQxIyQzIyQxMyQzNjEwMDIjODEjJDEjJDIjJDgz
99991231,20250903,1,상급종합,699000,EZ9850000,초음파 검사료(유도 초음파)/수술 중 초음파,110001,강남구,110000,서울,1387,http://www.samsunghospital.com/home/info/unInsuraList.do,삼성서울병원,수술 중 초음파,JDQ4MTg4MSM1MSMkMSMkMCMkODkkMzgxMzUxIzExIyQxIyQzIyQxMyQzNjEwMDIjODEjJDEjJDIjJDgz
99991231,20250903,1,상급종합,75000,AZ0010000,교육상담료/당뇨병교육,110001,강남구,110000,서울,351,http://www.samsunghospital.com/home/info/unInsuraList.do,삼성서울병원,당뇨병관리 기본교육,JDQ4MTg4MSM1MSMkMSMkMCMkODkkMzgxMzUxIzExIyQxIyQzIyQxMyQzNjEwMDIjODEjJDEjJDIjJDgz
99991231,20250903,1,상급종합,108000,FZ7140000,기능 검사료(신경계 기능검사)/초음파를 활용한 뇌혈류 기능검사,110001,강남구,110000,서울,1069,http://www.samsunghospital.com/home/info/unInsuraList.do,삼성서울병원,TCD vasomotor reactivity test (초음파를 활용한 뇌혈류 기능검사),JDQ4MTg4MSM1MSMkMSMkMCMkODkkMzgxMzUxIzExIyQxIyQzIyQxMyQzNjEwMDIjODEjJDEjJDIjJDgz
99991231,20250903,1,상급종합,149000,EB5030000,초음파검사료(진단초음파)/신경-말초신경 초음파/편측,110001,강남구,110000,서울,1510,http://www.samsunghospital.com/home/info/unInsuraList.do,삼성서울병원,신경-말초신경 초음파(편측)-하지,JDQ4MTg4MSM1MSMkMSMkMCMkODkkMzgxMzUxIzExIyQxIyQzIyQxMyQzNjEwMDIjODEjJDEjJDIjJDgz
99991231,20250903,1,상급종합,420000,ABZ010001,상급병실료/1인실,110001,강남구,110000,서울,723,http://www.samsunghospital.com/home/info/unInsuraList.do,삼성서울병원,"병실차액,12등급(1인실)",JDQ4MTg4MSM1MSMkMSMkMCMkODkkMzgxMzUxIzExIyQxIyQzIyQxMyQzNjEwMDIjODEjJDEjJDIjJDgz
99991231,20250903,1,상급종합,6760,3Z5202201,예방접종료/b형헤모필루스인플루엔자/유히브주,110001,강남구,110000,서울,1354,http://www.samsunghospital.com/home/info/unInsuraList.do,삼성서울병원,유히브주(헤모필루스인플루엔자비형·파상풍톡소이드접합백신)_(1병),JDQ4MTg4MSM1MSMkMSMkMCMkODkkMzgxMzUxIzExIyQxIyQzIyQxMyQzNjEwMDIjODEjJDEjJDIjJDgz
99991231,20251117,1,상급종합,100000,RZ6470000,처치 및 수술료(보조생식술)/배아 동결·보존,110001,강남구,110000,서울,1787,http://www.samsunghospital.com/home/info/unInsuraList.do,삼성서울병원,포배기 배아 냉동 추가 1개,JDQ4MTg4MSM1MSMkMSMkMCMkODkkMzgxMzUxIzExIyQxIyQzIyQxMyQzNjEwMDIjODEjJDEjJDIjJDgz
99991231,20250903,1,상급종합,365000,EB4870000,초음파검사료(진단초음파)/혈관-사지혈관 도플러 초음파/하지-동맥,110001,강남구,110000,서울,1507,http://www.samsunghospital.com/home/info/unInsuraList.do,삼성서울병원,사지혈관도플러초음파-하지-동맥[Portable],JDQ4MTg4MSM1MSMkMSMkMCMkODkkMzgxMzUxIzExIyQxIyQzIyQxMyQzNjEwMDIjODEjJDEjJDIjJDgz
99991231,20250903,1,상급종합,238000,EB4570001,초음파검사료(진단초음파)/복부-여성생식기 초음파/정밀,110001,강남구,110000,서울,1278,http://www.samsunghospital.com/home/info/unInsuraList.do,삼성서울병원,"복부-여성생식기 초음파-정밀, 도플러",JDQ4MTg4MSM1MSMkMSMkMCMkODkkMzgxMzUxIzExIyQxIyQzIyQxMyQzNjEwMDIjODEjJDEjJDIjJDgz
99991231,20250903,1,상급종합,201000,EB5610000,초음파 검사료(유도 초음파)/유도초음파/Ⅰ,110001,강남구,110000,서울,1111,http://www.samsunghospital.com/home/info/unInsuraList.do,삼성서울병원,유도초음파(Ⅰ)-응급 초음파(흉수천자),JDQ4MTg4MSM1MSMkMSMkMCMkODkkMzgxMzUxIzExIyQxIyQzIyQxMyQzNjEwMDIjODEjJDEjJDIjJDgz
99991231,20250903,1,상급종합,284000,EB5620000,초음파 검사료(유도 초음파)/유도초음파/Ⅱ,110001,강남구,110000,서울,1132,http://www.samsunghospital.com/home/info/unInsuraList.do,삼성서울병원,유도초음파Ⅱ (SMALL BOWEL),JDQ4MTg4MSM1MSMkMSMkMCMkODkkMzgxMzUxIzExIyQxIyQzIyQxMyQzNjEwMDIjODEjJDEjJDIjJDgz
99991231,20250903,1,상급종합,273000,EB4430001,초음파검사료(진단초음파)/복부-복부 초음파/충수,110001,강남구,110000,서울,1479,http://www.samsunghospital.com/home/info/unInsuraList.do,삼성서울병원,"초음파검사-복부-충수, 도플러",JDQ4MTg4MSM1MSMkMSMkMCMkODkkMzgxMzUxIzExIyQxIyQzIyQxMyQzNjEwMDIjODEjJDEjJDIjJDgz
99991231,20251117,1,상급종합,1300000,EZ9920000,초음파 검사료(특수 초음파)/내시경초음파,110001,강남구,110000,서울,1644,http://www.samsunghospital.com/home/info/unInsuraList.do,삼성서울병원,(췌담관) 조영증강 내시경초음파 유도하 생검/흡인술,JDQ4MTg4MSM1MSMkMSMkMCMkODkkMzgxMzUxIzExIyQxIyQzIyQxMyQzNjEwMDIjODEjJDEjJDIjJDgz
99991231,20250903,1,상급종합,484000,BTS01019,치료재료/동종진피(IMPLANT용-유방재건술용 제외)/MEGADERM,110001,강남구,110000,서울,1708,http://www.samsunghospital.com/home/info/unInsuraList.do,삼성서울병원,MEGADERM  (4*5cm(0.6~1.5mm)),JDQ4MTg4MSM1MSMkMSMkMCMkODkkMzgxMzUxIzExIyQxIyQzIyQxMyQzNjEwMDIjODEjJDEjJDIjJDgz
99991231,20250903,1,상급종합,212000,EB4550001,초음파검사료(진단초음파)/복부-여성생식기 초음파/일반,110001,강남구,110000,서울,1272,http://www.samsunghospital.com/home/info/unInsuraList.do,삼성서울병원,"복부-여성생식기 초음파-일반, 도플러",JDQ4MTg4MSM1MSMkMSMkMCMkODkkMzgxMzUxIzExIyQxIyQzIyQxMyQzNjEwMDIjODEjJDEjJDIjJDgz
99991231,20250903,1,상급종합,239000,EB4550001,초음파검사료(진단초음파)/복부-여성생식기 초음파/일반,110001,강남구,110000,서울,1273,http://www.samsunghospital.com/home/info/unInsuraList.do,삼성서울병원,"복부-여성생식기 초음파-일반, 도플러",JDQ4MTg4MSM1MSMkMSMkMCMkODkkMzgxMzUxIzExIyQxIyQzIyQxMyQzNjEwMDIjODEjJDEjJDIjJDgz
99991231,20250903,1,상급종합,549610,OZ1330000,처치 및 수술료(후두)/성대근내 보툴리늄 독소 주입술,110001,강남구,110000,서울,1049,http://www.samsunghospital.com/home/info/unInsuraList.do,삼성서울병원,성대근내 보튤리늄 독소 주입술 A,JDQ4MTg4MSM1MSMkMSMkMCMkODkkMzgxMzUxIzExIyQxIyQzIyQxMyQzNjEwMDIjODEjJDEjJDIjJDgz
99991231,20250903,1,상급종합,992000,HE2390000,자기공명영상진단료(MRI-기본검사)/혈관-사지혈관/조영제 주입 전·후 촬영 판독,110001,강남구,110000,서울,1037,http://www.samsunghospital.com/home/info/unInsuraList.do,삼성서울병원,자기공명단층촬영 (Extremities)(PRE- & POST-CONTRAST),JDQ4MTg4MSM1MSMkMSMkMCMkODkkMzgxMzUxIzExIyQxIyQzIyQxMyQzNjEwMDIjODEjJDEjJDIjJDgz
99991231,20250903,1,상급종합,3000000,BC0300QT,치료재료/재조합골형성단백질(RHBMP-2) 함유 골이식재/NOVOSIS INJECT ,110001,강남구,110000,서울,1678,http://www.samsunghospital.com/home/info/unInsuraList.do,삼성서울병원,노보시스인젝트 (NOVOSIS INJECT)  (1cc),JDQ4MTg4MSM1MSMkMSMkMCMkODkkMzgxMzUxIzExIyQxIyQzIyQxMyQzNjEwMDIjODEjJDEjJDIjJDgz
99991231,20250903,1,상급종합,145000,SZ0840000,처치 및 수술료(근골)/체외충격파치료[근골격계질환],110001,강남구,110000,서울,541,http://www.samsunghospital.com/home/info/unInsuraList.do,삼성서울병원,근골격계체외충격파치료술(1부위),JDQ4MTg4MSM1MSMkMSMkMCMkODkkMzgxMzUxIzExIyQxIyQzIyQxMyQzNjEwMDIjODEjJDEjJDIjJDgz
99991231,20250903,1,상급종합,588000,EB5620000,초음파 검사료(유도 초음파)/유도초음파/Ⅱ,110001,강남구,110000,서울,1147,http://www.samsunghospital.com/home/info/unInsuraList.do,삼성서울병원,US guided marker Implant for RT (LIVER),JDQ4MTg4MSM1MSMkMSMkMCMkODkkMzgxMzUxIzExIyQxIyQzIyQxMyQzNjEwMDIjODEjJDEjJDIjJDgz
99991231,20250903,1,상급종합,126000,EZ7770000,"기능 검사료(외피, 근골 기능 검사)/동적 족저압측정",110001,강남구,110000,서울,1628,http://www.samsunghospital.com/home/info/unInsuraList.do,삼성서울병원,동적 족저압측정,JDQ4MTg4MSM1MSMkMSMkMCMkODkkMzgxMzUxIzExIyQxIyQzIyQxMyQzNjEwMDIjODEjJDEjJDIjJDgz
99991231,20250903,1,상급종합,572000,KZ0010000,주사료/알레르겐 면역요법,110001,강남구,110000,서울,1420,http://www.samsunghospital.com/home/info/unInsuraList.do,삼성서울병원,알레르겐 피하주사 면역요법,JDQ4MTg4MSM1MSMkMSMkMCMkODkkMzgxMzUxIzExIyQxIyQzIyQxMyQzNjEwMDIjODEjJDEjJDIjJDgz
99991231,20250903,1,상급종합,188000,EB4890000,초음파검사료(진단초음파)/혈관-사지혈관 도플러 초음파/하지 정맥류,110001,강남구,110000,서울,32,http://www.samsunghospital.com/home/info/unInsuraList.do,삼성서울병원,혈관-사지혈관 도플러 초음파-하지 정맥류 검사,JDQ4MTg4MSM1MSMkMSMkMCMkODkkMzgxMzUxIzExIyQxIyQzIyQxMyQzNjEwMDIjODEjJDEjJDIjJDgz
99991231,20250903,1,상급종합,1061000,HE2160000,자기공명영상진단료(MRI-기본검사)/근골격계-주관절/조영제 주입 전·후 촬영 판독,110001,강남구,110000,서울,1186,http://www.samsunghospital.com/home/info/unInsuraList.do,삼성서울병원,"자기공명단층촬영 (Elbow, Rt)",JDQ4MTg4MSM1MSMkMSMkMCMkODkkMzgxMzUxIzExIyQxIyQzIyQxMyQzNjEwMDIjODEjJDEjJDIjJDgz
99991231,20250903,1,상급종합,172000,EB4680000,"초음파검사료(진단초음파)/근골격, 연부-관절 초음파/발목관절",110001,강남구,110000,서울,410,http://www.samsunghospital.com/home/info/unInsuraList.do,삼성서울병원,"근골격, 연부-관절 초음파-발목관절(편측)",JDQ4MTg4MSM1MSMkMSMkMCMkODkkMzgxMzUxIzExIyQxIyQzIyQxMyQzNjEwMDIjODEjJDEjJDIjJDgz
99991231,20250903,1,상급종합,80,PDZ110102,제증명수수료/진료기록사본/6매 이상,110001,강남구,110000,서울,1747,http://www.samsunghospital.com/home/info/unInsuraList.do,삼성서울병원,의무기록사본발급 (6매이상)_비대면,JDQ4MTg4MSM1MSMkMSMkMCMkODkkMzgxMzUxIzExIyQxIyQzIyQxMyQzNjEwMDIjODEjJDEjJDIjJDgz
99991231,20250903,1,상급종합,377000,EB4870000,초음파검사료(진단초음파)/혈관-사지혈관 도플러 초음파/하지-동맥,110001,강남구,110000,서울,1288,http://www.samsunghospital.com/home/info/unInsuraList.do,삼성서울병원,초음파검사-혈관-하지혈관[양측]-동맥,JDQ4MTg4MSM1MSMkMSMkMCMkODkkMzgxMzUxIzExIyQxIyQzIyQxMyQzNjEwMDIjODEjJDEjJDIjJDgz
