analysisItem,ykiho,yadmNm,clCd,clCdNm,sidoCdNm,sgguCdNm,npayCd,npayKorNm,npayDtlDivCd,npayDtlDivCdNm,adtFrDd,adtEndDd,minPrc,maxPrc
MRI_뇌_일반,JDQ4MTg4MSM1MSMkMSMkMCMkODkkMzgxMzUxIzExIyQxIyQzIyQ3OSQ0NjEwMDIjNjEjJDEjJDQjJDgz,강북삼성병원,01,상급종합,서울,종로구,HE1010001,자기공명영상진단료(MRI-기본검사)/뇌/일반,HE1010001,일반,20260312,99991231,689000,849000
MRI_뇌_일반,JDQ4MTg4MSM1MSMkMSMkMCMkODkkMzgxMzUxIzExIyQxIyQzIyQ2MiQyNjE4MzIjNjEjJDEjJDQjJDgz,건국대학교병원,01,상급종합,서울,광진구,HE1010001,자기공명영상진단료(MRI-기본검사)/뇌/일반,HE1010001,일반,20250903,99991231,805000,805000
MRI_뇌_일반,JDQ4MTg4MSM1MSMkMSMkMCMkODkkMzgxMzUxIzExIyQxIyQzIyQ4OSQzNjEyMjIjODEjJDEjJDIjJDgz,경희대학교병원,01,상급종합,서울,동대문구,HE1010001,자기공명영상진단료(MRI-기본검사)/뇌/일반,HE1010001,일반,20251114,99991231,955700,955700
MRI_뇌_일반,JDQ4MTg4MSM1MSMkMSMkMCMkODkkMzgxMzUxIzExIyQxIyQzIyQ2MiQ0NjEwMDIjNjEjJDEjJDAjJDgz,고려대학교의과대학부속구로병원,01,상급종합,서울,구로구,HE1010001,자기공명영상진단료(MRI-기본검사)/뇌/일반,HE1010001,일반,20260120,99991231,1045000,1045000
MRI_뇌_일반,JDQ4MTg4MSM1MSMkMSMkMCMkODkkMzgxMzUxIzExIyQxIyQzIyQxMyQzNjEwMDIjODEjJDEjJDIjJDgz,삼성서울병원,01,상급종합,서울,강남구,HE1010001,자기공명영상진단료(MRI-기본검사)/뇌/일반,HE1010001,일반,20250903,99991231,948000,948000
MRI_뇌_일반,JDQ4MTg4MSM1MSMkMSMkMCMkODkkMzgxMzUxIzExIyQxIyQzIyQ3OSQzNjE4MzIjODEjJDEjJDYjJDgz,서울대학교병원,01,상급종합,서울,종로구,HE1010001,자기공명영상진단료(MRI-기본검사)/뇌/일반,HE1010001,일반,20250909,99991231,810000,810000
MRI_뇌_일반,JDQ4MTg4MSM1MSMkMSMkMCMkODkkMzgxMzUxIzExIyQxIyQzIyQ2MiQzNjE0ODEjNTEjJDEjJDYjJDgz,연세대학교의과대학 강남세브란스병원,01,상급종합,서울,강남구,HE1010001,자기공명영상진단료(MRI-기본검사)/뇌/일반,HE1010001,일반,20250903,99991231,830000,830000
MRI_뇌_일반,JDQ4MTg4MSM1MSMkMSMkMCMkODkkMzgxMzUxIzExIyQxIyQzIyQ5OSQyNjE0ODEjNjEjJDEjJDgjJDgz,연세대학교의과대학세브란스병원,01,상급종합,서울,서대문구,HE1010001,자기공명영상진단료(MRI-기본검사)/뇌/일반,HE1010001,일반,20250903,99991231,920000,920000
MRI_뇌_일반,JDQ4MTg4MSM1MSMkMSMkMCMkODkkMzgxMzUxIzExIyQxIyQzIyQxMyQyNjEwMDIjNjEjJDEjJDQjJDgz,이화여자대학교의과대학부속목동병원,01,상급종합,서울,양천구,HE1010001,자기공명영상진단료(MRI-기본검사)/뇌/일반,HE1010001,일반,20250903,99991231,786000,786000
MRI_뇌_일반,JDQ4MTg4MSM1MSMkMSMkMCMkODkkMzgxMzUxIzExIyQxIyQzIyQwMyQyNjE0ODEjNDEjJDEjJDQjJDgz,재단법인아산사회복지재단 서울아산병원,01,상급종합,서울,송파구,HE1010001,자기공명영상진단료(MRI-기본검사)/뇌/일반,HE1010001,일반,20250903,99991231,530000,980000
MRI_뇌_일반,JDQ4MTg4MSM1MSMkMSMkMCMkODkkMzgxMzUxIzExIyQxIyQzIyQ3OSQzNjEwMDIjNTEjJDEjJDIjJDgz,중앙대학교병원,01,상급종합,서울,동작구,HE1010001,자기공명영상진단료(MRI-기본검사)/뇌/일반,HE1010001,일반,20250903,99991231,807500,807500
MRI_뇌_일반,JDQ4MTg4MSM1MSMkMSMkMCMkODkkMzgxMzUxIzExIyQxIyQzIyQ4OSQyNjEwMDIjNzEjJDEjJDgjJDgz,학교법인 고려중앙학원 고려대학교의과대학부속병원(안암병원),01,상급종합,서울,성북구,HE1010001,자기공명영상진단료(MRI-기본검사)/뇌/일반,HE1010001,일반,20260116,99991231,1045000,1045000
MRI_뇌_일반,JDQ4MTg4MSM1MSMkMSMkMCMkODkkMzgxMzUxIzExIyQyIyQzIyQwMCQyNjE4MzIjODEjJDEjJDIjJDgz,학교법인가톨릭학원가톨릭대학교서울성모병원,01,상급종합,서울,서초구,HE1010001,자기공명영상진단료(MRI-기본검사)/뇌/일반,HE1010001,일반,20251113,99991231,610000,856000
MRI_뇌_일반,JDQ4MTg4MSM1MSMkMSMkMCMkODkkMzgxMzUxIzExIyQxIyQzIyQ4OSQ0NjE0ODEjNjEjJDEjJDAjJDgz,한양대학교병원,01,상급종합,서울,성동구,HE1010001,자기공명영상진단료(MRI-기본검사)/뇌/일반,HE1010001,일반,20250903,99991231,749000,749000
MRI_뇌_일반,JDQ4MTg4MSM1MSMkMSMkMCMkODkkMzgxMzUxIzExIyQxIyQzIyQ3OSQyNjEyMjIjODEjJDEjJDIjJDgz,가톨릭대학교 여의도성모병원,11,종합병원,서울,영등포구,HE1010001,자기공명영상진단료(MRI-기본검사)/뇌/일반,HE1010001,일반,20260119,99991231,763000,865000
MRI_뇌_일반,JDQ4MTg4MSM1MSMkMSMkMCMkODkkMzgxMzUxIzExIyQxIyQzIyQ4OSQzNjEwMDIjNDEjJDEjJDQjJDgz,가톨릭대학교 은평성모병원,11,종합병원,서울,은평구,HE1010001,자기공명영상진단료(MRI-기본검사)/뇌/일반,HE1010001,일반,20250903,99991231,778000,778000
MRI_뇌_일반,JDQ4MTg4MSM1MSMkMSMkMCMkODkkMzgxMzUxIzExIyQxIyQ3IyQ2MiQyNjE0ODEjNzEjJDEjJDgjJDgz,강남베드로병원,11,종합병원,서울,강남구,HE1010001,자기공명영상진단료(MRI-기본검사)/뇌/일반,HE1010001,일반,20250903,99991231,500000,500000
MRI_뇌_일반,JDQ4MTg4MSM1MSMkMSMkMCMkODkkMzgxMzUxIzExIyQxIyQ3IyQ5OSQzNjE4MzIjNDEjJDEjJDQjJDgz,강동경희대학교병원,11,종합병원,서울,강동구,HE1010001,자기공명영상진단료(MRI-기본검사)/뇌/일반,HE1010001,일반,20260304,99991231,639220,639220
MRI_뇌_일반,JDQ4MTg4MSM1MSMkMSMkMCMkODkkMzgxMzUxIzExIyQxIyQzIyQ4OSQzNjE4MzIjNjEjJDEjJDgjJDgz,경찰병원,11,종합병원,서울,송파구,HE1010001,자기공명영상진단료(MRI-기본검사)/뇌/일반,HE1010001,일반,20250903,99991231,450000,450000
MRI_뇌_일반,JDQ4MTg4MSM1MSMkMSMkMCMkODkkMzgxMzUxIzExIyQyIyQ3IyQwMCQ0NjE0ODEjNjEjJDEjJDQjJDgz,구로성심병원,11,종합병원,서울,구로구,HE1010001,자기공명영상진단료(MRI-기본검사)/뇌/일반,HE1010001,일반,20250903,99991231,300000,460000
MRI_뇌_일반,JDQ4MTg4MSM1MSMkMSMkMCMkODkkMzgxMzUxIzExIyQyIyQ3IyQwMCQyNjEwMDIjODEjJDEjJDIjJDgz,국립중앙의료원,11,종합병원,서울,중구,HE1010001,자기공명영상진단료(MRI-기본검사)/뇌/일반,HE1010001,일반,20260112,99991231,619000,619000
MRI_뇌_일반,JDQ4MTg4MSM1MSMkMSMkMCMkODkkMzgxMzUxIzExIyQxIyQ3IyQ2MiQyNjEyMjIjNTEjJDEjJDYjJDgz,기쁨병원,11,종합병원,서울,서초구,HE1010001,자기공명영상진단료(MRI-기본검사)/뇌/일반,HE1010001,일반,20250903,99991231,500000,500000
MRI_뇌_일반,JDQ4MTg4MSM1MSMkMSMkMCMkODkkMzgxMzUxIzExIyQxIyQ3IyQ3OSQyNjEwMDIjNjEjJDEjJDgjJDgz,노원을지대학교병원,11,종합병원,서울,노원구,HE1010001,자기공명영상진단료(MRI-기본검사)/뇌/일반,HE1010001,일반,20250903,99991231,686000,686000
MRI_뇌_일반,JDQ4MTg4MSM1MSMkMSMkMCMkODkkMzgxMzUxIzExIyQxIyQ3IyQ5OSQzNjEwMDIjNTEjJDEjJDYjJDgz,녹색병원,11,종합병원,서울,중랑구,HE1010001,자기공명영상진단료(MRI-기본검사)/뇌/일반,HE1010001,일반,20250903,99991231,500000,500000
MRI_뇌_일반,JDQ4MTg4MSM1MSMkMSMkMCMkODkkMzgxMzUxIzExIyQxIyQzIyQ4MiQ0NjEwMDIjODEjJDEjJDYjJDgz,대림성모병원,11,종합병원,서울,영등포구,HE1010001,자기공명영상진단료(MRI-기본검사)/뇌/일반,HE1010001,일반,20250903,99991231,650000,650000
MRI_뇌_일반,JDQ4MTg4MSM1MSMkMSMkMCMkODkkMzgxMzUxIzExIyQxIyQzIyQwMyQ0NjEwMDIjNTEjJDEjJDYjJDgz,명지성모병원,11,종합병원,서울,영등포구,HE1010001,자기공명영상진단료(MRI-기본검사)/뇌/일반,HE1010001,일반,20250903,99991231,531720,531720
MRI_뇌_일반,JDQ4MTg4MSM1MSMkMSMkMCMkODkkMzgxMzUxIzExIyQyIyQ3IyQwMCQyNjE4MzIjNjEjJDEjJDAjJDgz,부민병원,11,종합병원,서울,강서구,HE1010001,자기공명영상진단료(MRI-기본검사)/뇌/일반,HE1010001,일반,20250903,99991231,665000,665000
MRI_뇌_일반,JDQ4MTg4MSM1MSMkMSMkMCMkODkkMzgxMzUxIzExIyQxIyQzIyQ4OSQzNjE0ODEjNDEjJDEjJDgjJDgz,삼육서울병원,11,종합병원,서울,동대문구,HE1010001,자기공명영상진단료(MRI-기본검사)/뇌/일반,HE1010001,일반,20250903,99991231,564000,564000
MRI_뇌_일반,JDQ4MTg4MSM1MSMkMSMkMCMkODkkMzgxMzUxIzExIyQxIyQzIyQxMyQyNjE0ODEjNzEjJDEjJDgjJDgz,서울성심병원,11,종합병원,서울,동대문구,HE1010001,자기공명영상진단료(MRI-기본검사)/뇌/일반,HE1010001,일반,20250903,99991231,430000,430000
MRI_뇌_일반,JDQ4MTg4MSM1MSMkMSMkMCMkODkkMzgxMzUxIzExIyQxIyQzIyQ4OSQyNjE0ODEjODEjJDEjJDYjJDgz,서울적십자병원,11,종합병원,서울,종로구,HE1010001,자기공명영상진단료(MRI-기본검사)/뇌/일반,HE1010001,일반,20250903,99991231,550000,550000
MRI_뇌_일반,JDQ4MTg4MSM1MSMkMSMkMCMkODkkMzgxMzUxIzExIyQxIyQzIyQ4OSQyNjE4MzIjNTEjJDEjJDYjJDgz,서울특별시 동부병원,11,종합병원,서울,동대문구,HE1010001,자기공명영상진단료(MRI-기본검사)/뇌/일반,HE1010001,일반,20250903,99991231,404800,404800
MRI_뇌_일반,JDQ4MTg4MSM1MSMkMSMkMCMkODkkMzgxMzUxIzExIyQxIyQzIyQ5OSQzNjE0ODEjODEjJDEjJDYjJDgz,서울특별시보라매병원,11,종합병원,서울,동작구,HE1010001,자기공명영상진단료(MRI-기본검사)/뇌/일반,HE1010001,일반,20250903,99991231,630000,1020000
MRI_뇌_일반,JDQ4MTg4MSM1MSMkMSMkMCMkODkkMzgxMzUxIzExIyQyIyQ3IyQwMCQzNjE4MzIjNzEjJDEjJDgjJDgz,서울특별시서남병원,11,종합병원,서울,양천구,HE1010001,자기공명영상진단료(MRI-기본검사)/뇌/일반,HE1010001,일반,20250903,99991231,556600,556600
MRI_뇌_일반,JDQ4MTg4MSM1MSMkMSMkMCMkODkkMzgxMzUxIzExIyQyIyQ3IyQwMCQyNjEyMjIjNjEjJDEjJDgjJDgz,서울특별시서울의료원,11,종합병원,서울,중랑구,HE1010001,자기공명영상진단료(MRI-기본검사)/뇌/일반,HE1010001,일반,20250903,99991231,607200,607200
MRI_뇌_일반,JDQ4MTg4MSM1MSMkMSMkMCMkODkkMzgxMzUxIzExIyQxIyQ3IyQ2MiQyNjE4MzIjNDEjJDEjJDgjJDgz,서울현대병원,11,종합병원,서울,강북구,HE1010001,자기공명영상진단료(MRI-기본검사)/뇌/일반,HE1010001,일반,20251118,99991231,450000,450000
MRI_뇌_일반,JDQ4MTg4MSM1MSMkMSMkMCMkODkkMzgxMzUxIzExIyQxIyQzIyQ5MiQyNjEyMjIjODEjJDEjJDYjJDgz,성심의료재단강동성심병원,11,종합병원,서울,강동구,HE1010001,자기공명영상진단료(MRI-기본검사)/뇌/일반,HE1010001,일반,20250903,99991231,705430,705430
MRI_뇌_일반,JDQ4MTg4MSM1MSMkMSMkMCMkODkkMzgxMzUxIzExIyQyIyQzIyQwMCQ0NjEwMDIjNzEjJDEjJDgjJDgz,성애의료재단 성애병원,11,종합병원,서울,영등포구,HE1010001,자기공명영상진단료(MRI-기본검사)/뇌/일반,HE1010001,일반,20250903,99991231,600000,600000
MRI_뇌_일반,JDQ4MTg4MSM1MSMkMSMkMCMkODkkMzgxMzUxIzExIyQxIyQ3IyQ3OSQzNjEwMDIjODEjJDEjJDYjJDgz,세란병원,11,종합병원,서울,종로구,HE1010001,자기공명영상진단료(MRI-기본검사)/뇌/일반,HE1010001,일반,20250903,99991231,504000,504000
MRI_뇌_일반,JDQ4MTg4MSM1MSMkMSMkMCMkODkkMzgxMzUxIzExIyQxIyQ3IyQ5OSQzNjE0ODEjNjEjJDEjJDQjJDgz,씨엠병원,11,종합병원,서울,영등포구,HE1010001,자기공명영상진단료(MRI-기본검사)/뇌/일반,HE1010001,일반,20250903,99991231,550000,690000
MRI_뇌_일반,JDQ4MTg4MSM1MSMkMSMkMCMkODkkMzgxMzUxIzExIyQyIyQ3IyQwMCQzNjE0ODEjNTEjJDEjJDIjJDgz,우리들병원,11,종합병원,서울,강서구,HE1010001,자기공명영상진단료(MRI-기본검사)/뇌/일반,HE1010001,일반,20250903,99991231,680000,680000
MRI_뇌_일반,JDQ4MTg4MSM1MSMkMSMkMCMkODkkMzgxMzUxIzExIyQxIyQzIyQ5MiQyNjEwMDIjNDEjJDEjJDgjJDgz,의료법인 청구성심병원,11,종합병원,서울,은평구,HE1010001,자기공명영상진단료(MRI-기본검사)/뇌/일반,HE1010001,일반,20250903,99991231,530000,530000
MRI_뇌_일반,JDQ4MTg4MSM1MSMkMSMkMCMkODkkMzgxMzUxIzExIyQxIyQzIyQxMyQ0NjE0ODEjNTEjJDEjJDIjJDgz,의료법인동신의료재단 동신병원,11,종합병원,서울,서대문구,HE1010001,자기공명영상진단료(MRI-기본검사)/뇌/일반,HE1010001,일반,20250903,99991231,550000,550000
MRI_뇌_일반,JDQ4MTg4MSM1MSMkMSMkMCMkODkkMzgxMzUxIzExIyQyIyQ3IyQwMCQ0NjEwMDIjNTEjJDEjJDYjJDgz,의료법인서울효천의료재단 에이치플러스양지병원,11,종합병원,서울,관악구,HE1010001,자기공명영상진단료(MRI-기본검사)/뇌/일반,HE1010001,일반,20250903,99991231,600000,600000
MRI_뇌_일반,JDQ4MTg4MSM1MSMkMSMkMCMkODkkMzgxMzUxIzExIyQxIyQ3IyQ4OSQzNjEwMDIjNjEjJDEjJDgjJDgz,의료법인성화의료재단  대한병원,11,종합병원,서울,강북구,HE1010001,자기공명영상진단료(MRI-기본검사)/뇌/일반,HE1010001,일반,20250903,99991231,500000,500000
MRI_뇌_일반,JDQ4MTg4MSM1MSMkMSMkMCMkODkkMzgxMzUxIzExIyQxIyQzIyQxMyQyNjE4MzIjNDEjJDEjJDgjJDgz,의료법인풍산의료재단동부제일병원,11,종합병원,서울,중랑구,HE1010001,자기공명영상진단료(MRI-기본검사)/뇌/일반,HE1010001,일반,20250909,99991231,350000,550000
MRI_뇌_일반,JDQ4MTg4MSM1MSMkMSMkMCMkODkkMzgxMzUxIzExIyQxIyQ3IyQ4OSQ0NjEwMDIjODEjJDEjJDYjJDgz,의료법인한전의료재단 한일병원,11,종합병원,서울,도봉구,HE1010001,자기공명영상진단료(MRI-기본검사)/뇌/일반,HE1010001,일반,20251118,99991231,724000,776000
MRI_뇌_일반,JDQ4MTg4MSM1MSMkMSMkMCMkODkkMzgxMzUxIzExIyQyIyQ3IyQwMCQzNjEyMjIjODEjJDEjJDYjJDgz,이화여자대학교의과대학부속서울병원,11,종합병원,서울,강서구,HE1010001,자기공명영상진단료(MRI-기본검사)/뇌/일반,HE1010001,일반,20250903,99991231,786000,786000
MRI_뇌_일반,JDQ4MTg4MSM1MSMkMSMkMCMkODkkMzgxMzUxIzExIyQxIyQzIyQwMyQyNjEwMDIjODEjJDEjJDIjJDgz,인제대학교 상계백병원,11,종합병원,서울,노원구,HE1010001,자기공명영상진단료(MRI-기본검사)/뇌/일반,HE1010001,일반,20250903,99991231,783000,899000
MRI_뇌_일반,JDQ4MTg4MSM1MSMkMSMkMCMkODkkMzgxMzUxIzExIyQxIyQzIyQwMyQzNjE0ODEjNTEjJDEjJDIjJDgz,차의과학대학교 강남차병원,11,종합병원,서울,강남구,HE1010001,자기공명영상진단료(MRI-기본검사)/뇌/일반,HE1010001,일반,20250903,99991231,710000,710000
MRI_뇌_일반,JDQ4MTg4MSM1MSMkMSMkMCMkODkkMzgxMzUxIzExIyQxIyQzIyQ5OSQyNjE4MzIjNDEjJDEjJDgjJDgz,한국보훈복지의료공단 중앙보훈병원,11,종합병원,서울,강동구,HE1010001,자기공명영상진단료(MRI-기본검사)/뇌/일반,HE1010001,일반,20250903,99991231,540000,540000
MRI_뇌_일반,JDQ4MTg4MSM1MSMkMSMkMCMkODkkMzgxMzUxIzExIyQxIyQ3IyQ5OSQ0NjEwMDIjNjEjJDEjJDgjJDgz,한국원자력의학원원자력병원,11,종합병원,서울,노원구,HE1010001,자기공명영상진단료(MRI-기본검사)/뇌/일반,HE1010001,일반,20250903,99991231,660780,660780
MRI_뇌_일반,JDQ4MTg4MSM1MSMkMSMkMCMkODkkMzgxMzUxIzExIyQyIyQzIyQwMCQyNjE0ODEjNTEjJDEjJDYjJDgz,한림대학교 강남성심병원,11,종합병원,서울,영등포구,HE1010001,자기공명영상진단료(MRI-기본검사)/뇌/일반,HE1010001,일반,20250903,99991231,703600,703600
MRI_뇌_일반,JDQ4MTg4MSM1MSMkMSMkMCMkODkkMzgxMzUxIzExIyQxIyQ3IyQ2MiQyNjEwMDIjNjEjJDEjJDQjJDgz,혜민병원,11,종합병원,서울,광진구,HE1010001,자기공명영상진단료(MRI-기본검사)/뇌/일반,HE1010001,일반,20251031,99991231,450000,560000
MRI_뇌_일반,JDQ4MTg4MSM1MSMkMSMkMCMkODkkMzgxMzUxIzExIyQxIyQzIyQxMyQyNjEyMjIjNTEjJDEjJDYjJDgz,홍익병원,11,종합병원,서울,양천구,HE1010001,자기공명영상진단료(MRI-기본검사)/뇌/일반,HE1010001,일반,20250903,99991231,580000,580000
MRI_뇌_일반,JDQ4MTg4MSM1MSMkMSMkMCMkODkkMzgxMzUxIzExIyQxIyQzIyQxMyQ0NjEwMDIjNDEjJDEjJDgjJDgz,희명병원,11,종합병원,서울,금천구,HE1010001,자기공명영상진단료(MRI-기본검사)/뇌/일반,HE1010001,일반,20250903,99991231,550000,550000
MRI_뇌_일반,JDQ4MTg4MSM1MSMkMSMkMCMkOTkkMzgxMzUxIzQxIyQxIyQ3IyQwMyQ0NjEwMDIjNTEjJDEjJDIjJDgz,(의)가산의료재단 광동병원,21,병원,서울,강남구,HE1010001,자기공명영상진단료(MRI-기본검사)/뇌/일반,HE1010001,일반,20250903,99991231,430000,430000
MRI_뇌_일반,JDQ4MTg4MSM1MSMkMSMkMCMkOTkkMzgxMzUxIzQxIyQxIyQ3IyQ5OSQzNjE0ODEjODEjJDEjJDIjJDgz,9988병원,21,병원,서울,성동구,HE1010001,자기공명영상진단료(MRI-기본검사)/뇌/일반,HE1010001,일반,20250903,99991231,500000,500000
MRI_뇌_일반,JDQ4MTg4MSM1MSMkMSMkMCMkOTkkMzgxMzUxIzQxIyQxIyQ3IyQ4OSQ0NjEwMDIjNDEjJDEjJDgjJDgz,가자연세병원,21,병원,서울,서대문구,HE1010001,자기공명영상진단료(MRI-기본검사)/뇌/일반,HE1010001,일반,20250903,99991231,418000,418000
MRI_뇌_일반,JDQ4MTg4MSM1MSMkMSMkMCMkOTkkMzgxMzUxIzQxIyQxIyQ3IyQ4MiQzNjEyMjIjNTEjJDEjJDYjJDgz,강남고려병원,21,병원,서울,관악구,HE1010001,자기공명영상진단료(MRI-기본검사)/뇌/일반,HE1010001,일반,20250903,99991231,450000,450000
MRI_뇌_일반,JDQ4MTg4MSM1MSMkMSMkMCMkOTkkMzgxMzUxIzMxIyQxIyQ3IyQ2MiQyNjE4MzIjODEjJDEjJDIjJDgz,강남제이에스병원,21,병원,서울,강남구,HE1010001,자기공명영상진단료(MRI-기본검사)/뇌/일반,HE1010001,일반,20250903,99991231,680000,680000
MRI_뇌_일반,JDQ4MTg4MSM1MSMkMSMkMCMkOTkkMzgxMzUxIzQxIyQyIyQ3IyQwMCQzNjEwMDIjNTEjJDEjJDYjJDgz,강남지인병원,21,병원,서울,강남구,HE1010001,자기공명영상진단료(MRI-기본검사)/뇌/일반,HE1010001,일반,20250903,99991231,450000,450000
MRI_뇌_일반,JDQ4MTg4MSM1MSMkMSMkMCMkOTkkMzgxMzUxIzMxIyQxIyQzIyQ3MiQyNjEwMDIjNTEjJDEjJDIjJDgz,강남초이스병원,21,병원,서울,강남구,HE1010001,자기공명영상진단료(MRI-기본검사)/뇌/일반,HE1010001,일반,20250903,99991231,500000,500000
MRI_뇌_일반,JDQ4MTg4MSM1MSMkMSMkMCMkOTkkMzgxMzUxIzMxIyQxIyQzIyQ3OSQyNjEwMDIjNjEjJDEjJDgjJDgz,강북21세기병원,21,병원,서울,중랑구,HE1010001,자기공명영상진단료(MRI-기본검사)/뇌/일반,HE1010001,일반,20250903,99991231,390000,390000
MRI_뇌_일반,JDQ4MTg4MSM1MSMkMSMkMCMkOTkkMzgxMzUxIzMxIyQxIyQ3IyQ5OSQyNjEyMjIjNjEjJDEjJDQjJDgz,강북우리병원,21,병원,서울,강북구,HE1010001,자기공명영상진단료(MRI-기본검사)/뇌/일반,HE1010001,일반,20250903,99991231,500000,500000
MRI_뇌_일반,JDQ4MTg4MSM1MSMkMSMkMCMkOTkkMzgxMzUxIzQxIyQxIyQ3IyQ3MiQyNjEwMDIjNjEjJDEjJDQjJDgz,강북으뜸병원,21,병원,서울,강북구,HE1010001,자기공명영상진단료(MRI-기본검사)/뇌/일반,HE1010001,일반,20250903,99991231,400000,400000
MRI_뇌_일반,JDQ4MTg4MSM1MSMkMSMkMCMkOTkkMzgxMzUxIzQxIyQxIyQ3IyQxMyQyNjE4MzIjNDEjJDEjJDgjJDgz,강서케이병원,21,병원,서울,강서구,HE1010001,자기공명영상진단료(MRI-기본검사)/뇌/일반,HE1010001,일반,20250903,99991231,450000,550000
MRI_뇌_일반,JDQ4MTg4MSM1MSMkMSMkMCMkOTkkMzgxMzUxIzMxIyQxIyQ3IyQ4MiQzNjEwMDIjODEjJDEjJDYjJDgz,강서힘찬병원,21,병원,서울,강서구,HE1010001,자기공명영상진단료(MRI-기본검사)/뇌/일반,HE1010001,일반,20250903,99991231,540000,540000
MRI_뇌_일반,JDQ4MTg4MSM1MSMkMSMkMCMkOTkkMzgxMzUxIzQxIyQxIyQ3IyQxMyQ0NjEwMDIjNDEjJDEjJDQjJDgz,강철병원,21,병원,서울,송파구,HE1010001,자기공명영상진단료(MRI-기본검사)/뇌/일반,HE1010001,일반,20250903,99991231,490000,490000
MRI_뇌_일반,JDQ4MTg4MSM1MSMkMSMkMCMkOTkkMzgxMzUxIzMxIyQyIyQzIyQwMCQ0NjE0ODEjNjEjJDEjJDQjJDgz,고도일병원,21,병원,서울,서초구,HE1010001,자기공명영상진단료(MRI-기본검사)/뇌/일반,HE1010001,일반,20250903,99991231,500000,500000
MRI_뇌_일반,JDQ4MTg4MSM1MSMkMSMkMCMkOTkkMzgxMzUxIzIxIyQxIyQxIyQ5OSQ0NjE0ODEjODEjJDEjJDYjJDgz,광혜병원,21,병원,서울,강남구,HE1010001,자기공명영상진단료(MRI-기본검사)/뇌/일반,HE1010001,일반,20250903,99991231,450000,450000
MRI_뇌_일반,JDQ4MTg4MSM1MSMkMSMkMCMkOTkkMzgxMzUxIzIxIyQxIyQxIyQ2MiQ0NjE0ODEjNTEjJDEjJDYjJDgz,국립재활원,21,병원,서울,강북구,HE1010001,자기공명영상진단료(MRI-기본검사)/뇌/일반,HE1010001,일반,20250903,99991231,400000,400000
MRI_뇌_일반,JDQ4MTg4MSM1MSMkMSMkMCMkOTkkMzgxMzUxIzIxIyQyIyQ5IyQwMCQyNjEyMjIjNDEjJDEjJDQjJDgz,김정수여러분병원,21,병원,서울,강남구,HE1010001,자기공명영상진단료(MRI-기본검사)/뇌/일반,HE1010001,일반,20250903,99991231,500000,500000
MRI_뇌_일반,JDQ4MTg4MSM1MSMkMSMkMCMkOTkkMzgxMzUxIzIxIyQxIyQ5IyQ3OSQzNjE4MzIjODEjJDEjJDYjJDgz,나누리병원,21,병원,서울,강남구,HE1010001,자기공명영상진단료(MRI-기본검사)/뇌/일반,HE1010001,일반,20250903,99991231,550000,550000
MRI_뇌_일반,JDQ4MTg4MSM1MSMkMSMkMCMkOTkkMzgxMzUxIzMxIyQxIyQ3IyQ3MiQ0NjE0ODEjNjEjJDEjJDgjJDgz,남기세병원,21,병원,서울,강동구,HE1010001,자기공명영상진단료(MRI-기본검사)/뇌/일반,HE1010001,일반,20250903,99991231,430000,430000
MRI_뇌_일반,JDQ4MTg4MSM1MSMkMSMkMCMkOTkkMzgxMzUxIzQxIyQxIyQ3IyQxMyQzNjE0ODEjODEjJDEjJDYjJDgz,뉴민병원,21,병원,서울,서초구,HE1010001,자기공명영상진단료(MRI-기본검사)/뇌/일반,HE1010001,일반,20250903,99991231,450000,450000
MRI_뇌_일반,JDQ4MTg4MSM1MSMkMSMkMCMkOTkkMzgxMzUxIzQxIyQxIyQ3IyQ3OSQyNjEyMjIjNzEjJDEjJDgjJDgz,늘찬병원,21,병원,서울,중랑구,HE1010001,자기공명영상진단료(MRI-기본검사)/뇌/일반,HE1010001,일반,20250903,99991231,450000,450000
MRI_뇌_일반,JDQ4MTg4MSM1MSMkMSMkMCMkOTkkMzgxMzUxIzMxIyQyIyQ3IyQwMCQyNjEwMDIjNjEjJDEjJDAjJDgz,달려라병원,21,병원,서울,강동구,HE1010001,자기공명영상진단료(MRI-기본검사)/뇌/일반,HE1010001,일반,20250903,99991231,550000,550000
MRI_뇌_일반,JDQ4MTg4MSM1MSMkMSMkMCMkOTkkMzgxMzUxIzQxIyQxIyQ3IyQ5MiQyNjE0ODEjNDEjJDEjJDgjJDgz,더드림병원,21,병원,서울,강남구,HE1010001,자기공명영상진단료(MRI-기본검사)/뇌/일반,HE1010001,일반,20250903,99991231,590000,590000
MRI_뇌_일반,JDQ4MTg4MSM1MSMkMSMkMCMkOTkkMzgxMzUxIzQxIyQxIyQ3IyQ4OSQzNjEwMDIjODEjJDEjJDYjJDgz,더서울병원,21,병원,서울,성북구,HE1010001,자기공명영상진단료(MRI-기본검사)/뇌/일반,HE1010001,일반,20250903,99991231,400000,400000
MRI_뇌_일반,JDQ4MTg4MSM1MSMkMSMkMCMkOTkkMzgxMzUxIzQxIyQxIyQ3IyQ4MiQzNjE4MzIjNDEjJDEjJDgjJDgz,두발로병원,21,병원,서울,강남구,HE1010001,자기공명영상진단료(MRI-기본검사)/뇌/일반,HE1010001,일반,20250903,99991231,470000,550000
MRI_뇌_일반,JDQ4MTg4MSM1MSMkMSMkMCMkOTkkMzgxMzUxIzIxIyQxIyQ5IyQ2MiQzNjE0ODEjNTEjJDEjJDYjJDgz,리더스병원,21,병원,서울,강동구,HE1010001,자기공명영상진단료(MRI-기본검사)/뇌/일반,HE1010001,일반,20250903,99991231,500000,500000
MRI_뇌_일반,JDQ4MTg4MSM1MSMkMSMkMCMkOTkkMzgxMzUxIzQxIyQxIyQ3IyQ5OSQyNjEwMDIjNTEjJDEjJDYjJDgz,리드힐병원,21,병원,서울,은평구,HE1010001,자기공명영상진단료(MRI-기본검사)/뇌/일반,HE1010001,일반,20250903,99991231,450000,450000
MRI_뇌_일반,JDQ4MTg4MSM1MSMkMSMkMCMkOTkkMzgxMzUxIzQxIyQxIyQ3IyQ5OSQyNjE0ODEjNjEjJDEjJDQjJDgz,메드렉스병원,21,병원,서울,강남구,HE1010001,자기공명영상진단료(MRI-기본검사)/뇌/일반,HE1010001,일반,20250903,99991231,520000,520000
MRI_뇌_일반,JDQ4MTg4MSM1MSMkMSMkMCMkOTkkMzgxMzUxIzIxIyQxIyQ5IyQ4MiQ0NjE0ODEjNDEjJDEjJDgjJDgz,메디힐병원,21,병원,서울,양천구,HE1010001,자기공명영상진단료(MRI-기본검사)/뇌/일반,HE1010001,일반,20250903,99991231,450000,500000
MRI_뇌_일반,JDQ4MTg4MSM1MSMkMSMkNCMkOTkkMzgxMzUxIzExIyQxIyQzIyQ3OSQyNjE4MzIjNjEjJDEjJDAjJDgz,미래본병원,21,병원,서울,송파구,HE1010001,자기공명영상진단료(MRI-기본검사)/뇌/일반,HE1010001,일반,20250903,99991231,490000,490000
MRI_뇌_일반,JDQ4MTg4MSM1MSMkMSMkMCMkOTkkMzgxMzUxIzIxIyQyIyQ5IyQwMCQyNjE0ODEjNTEjJDEjJDYjJDgz,바로선병원,21,병원,서울,도봉구,HE1010001,자기공명영상진단료(MRI-기본검사)/뇌/일반,HE1010001,일반,20250903,99991231,450000,450000
MRI_뇌_일반,JDQ4MTg4MSM1MSMkMSMkMCMkOTkkMzgxMzUxIzMxIyQxIyQzIyQxMyQzNjEwMDIjNjEjJDEjJDAjJDgz,바른본병원,21,병원,서울,광진구,HE1010001,자기공명영상진단료(MRI-기본검사)/뇌/일반,HE1010001,일반,20250903,99991231,460000,460000
MRI_뇌_일반,JDQ4MTg4MSM1MSMkMSMkMCMkOTkkMzgxMzUxIzIxIyQxIyQ5IyQ2MiQ0NjEwMDIjNjEjJDEjJDAjJDgz,반도정형외과병원,21,병원,서울,중구,HE1010001,자기공명영상진단료(MRI-기본검사)/뇌/일반,HE1010001,일반,20250903,99991231,350000,350000
MRI_뇌_일반,JDQ4MTg4MSM1MSMkMSMkMCMkOTkkMzgxMzUxIzIxIyQxIyQ5IyQxMyQzNjE4MzIjNjEjJDEjJDAjJDgz,방병원,21,병원,서울,노원구,HE1010001,자기공명영상진단료(MRI-기본검사)/뇌/일반,HE1010001,일반,20250903,99991231,360000,360000
MRI_뇌_일반,JDQ4MTg4MSM1MSMkMSMkMCMkOTkkMzgxMzUxIzQxIyQxIyQ3IyQ5MiQ0NjEwMDIjNjEjJDEjJDQjJDgz,본서부병원,21,병원,서울,은평구,HE1010001,자기공명영상진단료(MRI-기본검사)/뇌/일반,HE1010001,일반,20250903,99991231,450000,450000
MRI_뇌_일반,JDQ4MTg4MSM1MSMkMSMkMCMkOTkkMzgxMzUxIzQxIyQxIyQ3IyQ2MiQyNjE0ODEjNDEjJDEjJDQjJDgz,빠른병원,21,병원,서울,송파구,HE1010001,자기공명영상진단료(MRI-기본검사)/뇌/일반,HE1010001,일반,20250903,99991231,450000,450000
MRI_뇌_일반,JDQ4MTg4MSM1MSMkMSMkMCMkOTkkMzgxMzUxIzQxIyQxIyQ3IyQ5OSQzNjE4MzIjNTEjJDEjJDIjJDgz,사랑의병원,21,병원,서울,관악구,HE1010001,자기공명영상진단료(MRI-기본검사)/뇌/일반,HE1010001,일반,20250903,99991231,400000,400000
MRI_뇌_일반,JDQ4MTg4MSM1MSMkMSMkMCMkOTkkMzgxMzUxIzMxIyQxIyQ3IyQ4OSQzNjE0ODEjNjEjJDEjJDAjJDgz,사랑플러스병원,21,병원,서울,강동구,HE1010001,자기공명영상진단료(MRI-기본검사)/뇌/일반,HE1010001,일반,20250903,99991231,430000,430000
MRI_뇌_일반,JDQ4MTg4MSM1MSMkMSMkMCMkOTkkMzgxMzUxIzMxIyQxIyQ3IyQxMyQyNjE0ODEjNDEjJDEjJDQjJDgz,새길병원,21,병원,서울,영등포구,HE1010001,자기공명영상진단료(MRI-기본검사)/뇌/일반,HE1010001,일반,20250903,99991231,430000,430000
MRI_뇌_일반,JDQ4MTg4MSM1MSMkMSMkMCMkOTkkMzgxMzUxIzQxIyQxIyQ3IyQ4MiQyNjEyMjIjNDEjJDEjJDgjJDgz,새로운병원,21,병원,서울,강남구,HE1010001,자기공명영상진단료(MRI-기본검사)/뇌/일반,HE1010001,일반,20250903,99991231,450000,450000
MRI_뇌_일반,JDQ4MTg4MSM1MSMkMSMkMCMkOTkkMzgxMzUxIzQxIyQxIyQ3IyQ3OSQzNjE0ODEjNTEjJDEjJDYjJDgz,새움병원,21,병원,서울,금천구,HE1010001,자기공명영상진단료(MRI-기본검사)/뇌/일반,HE1010001,일반,20250903,99991231,600000,600000
MRI_뇌_일반,JDQ4MTg4MSM1MSMkMSMkMCMkOTkkMzgxMzUxIzQxIyQxIyQ3IyQwMyQyNjE4MzIjNTEjJDEjJDYjJDgz,새힘병원,21,병원,서울,노원구,HE1010001,자기공명영상진단료(MRI-기본검사)/뇌/일반,HE1010001,일반,20250903,99991231,400000,400000
MRI_뇌_일반,JDQ4MTg4MSM1MSMkMSMkMCMkOTkkMzgxMzUxIzIxIyQxIyQ5IyQ3OSQzNjEyMjIjNDEjJDEjJDgjJDgz,서울21세기병원,21,병원,서울,서초구,HE1010001,자기공명영상진단료(MRI-기본검사)/뇌/일반,HE1010001,일반,20250903,99991231,605000,605000
MRI_뇌_일반,JDQ4MTg4MSM1MSMkMSMkMCMkOTkkMzgxMzUxIzQxIyQxIyQ3IyQ3MiQzNjE4MzIjNjEjJDEjJDAjJDgz,서울고든병원,21,병원,서울,강서구,HE1010001,자기공명영상진단료(MRI-기본검사)/뇌/일반,HE1010001,일반,20250903,99991231,250000,250000
MRI_뇌_일반,JDQ4MTg4MSM1MSMkMSMkMCMkOTkkMzgxMzUxIzMxIyQxIyQ3IyQwMyQyNjEwMDIjNDEjJDEjJDgjJDgz,서울나은병원,21,병원,서울,동대문구,HE1010001,자기공명영상진단료(MRI-기본검사)/뇌/일반,HE1010001,일반,20251118,99991231,400000,400000
MRI_뇌_일반,JDQ4MTg4MSM1MSMkMSMkMCMkOTkkMzgxMzUxIzMxIyQxIyQ3IyQ3OSQyNjE4MzIjODEjJDEjJDYjJDgz,서울노보스병원,21,병원,서울,도봉구,HE1010001,자기공명영상진단료(MRI-기본검사)/뇌/일반,HE1010001,일반,20250903,99991231,450000,450000
MRI_뇌_일반,JDQ4MTg4MSM1MSMkMSMkMCMkOTkkMzgxMzUxIzMxIyQxIyQ3IyQ5MiQzNjEwMDIjNjEjJDEjJDgjJDgz,서울라본병원,21,병원,서울,중랑구,HE1010001,자기공명영상진단료(MRI-기본검사)/뇌/일반,HE1010001,일반,20250903,99991231,385000,385000
MRI_뇌_일반,JDQ4MTg4MSM1MSMkMSMkMCMkOTkkMzgxMzUxIzQxIyQxIyQ3IyQ5MiQzNjE0ODEjNjEjJDEjJDAjJDgz,서울바른병원,21,병원,서울,영등포구,HE1010001,자기공명영상진단료(MRI-기본검사)/뇌/일반,HE1010001,일반,20250903,99991231,400000,400000
MRI_뇌_일반,JDQ4MTg4MSM1MSMkMSMkMCMkOTkkMzgxMzUxIzMxIyQxIyQ3IyQxMyQyNjEwMDIjODEjJDEjJDIjJDgz,서울바른세상병원,21,병원,서울,금천구,HE1010001,자기공명영상진단료(MRI-기본검사)/뇌/일반,HE1010001,일반,20250903,99991231,400000,400000
MRI_뇌_일반,JDQ4MTg4MSM1MSMkMSMkMCMkOTkkMzgxMzUxIzMxIyQxIyQzIyQ4MiQzNjE4MzIjODEjJDEjJDYjJDgz,서울병원,21,병원,서울,송파구,HE1010001,자기공명영상진단료(MRI-기본검사)/뇌/일반,HE1010001,일반,20250903,99991231,490000,490000
MRI_뇌_일반,JDQ4MTg4MSM1MSMkMSMkMCMkOTkkMzgxMzUxIzQxIyQxIyQ3IyQ3MiQyNjE4MzIjNDEjJDEjJDgjJDgz,서울본브릿지병원,21,병원,서울,강남구,HE1010001,자기공명영상진단료(MRI-기본검사)/뇌/일반,HE1010001,일반,20250903,99991231,450000,450000
MRI_뇌_일반,JDQ4MTg4MSM1MSMkMSMkMCMkOTkkMzgxMzUxIzMxIyQxIyQ3IyQ4MiQ0NjE0ODEjNTEjJDEjJDYjJDgz,서울석병원,21,병원,서울,송파구,HE1010001,자기공명영상진단료(MRI-기본검사)/뇌/일반,HE1010001,일반,20260327,99991231,490000,490000
MRI_뇌_일반,JDQ4MTg4MSM1MSMkMSMkMCMkOTkkMzgxMzUxIzQxIyQxIyQ3IyQ4MiQyNjEwMDIjNTEjJDEjJDIjJDgz,서울세계로병원,21,병원,서울,송파구,HE1010001,자기공명영상진단료(MRI-기본검사)/뇌/일반,HE1010001,일반,20250903,99991231,480000,480000
MRI_뇌_일반,JDQ4MTg4MSM1MSMkMSMkMCMkOTkkMzgxMzUxIzExIyQxIyQ3IyQ5MiQzNjE0ODEjNjEjJDEjJDgjJDgz,서울송도병원,21,병원,서울,중구,HE1010001,자기공명영상진단료(MRI-기본검사)/뇌/일반,HE1010001,일반,20250903,99991231,500000,500000
MRI_뇌_일반,JDQ4MTg4MSM1MSMkMSMkMCMkOTkkMzgxMzUxIzMxIyQxIyQ3IyQ5OSQ0NjEwMDIjNTEjJDEjJDIjJDgz,서울안강병원,21,병원,서울,서초구,HE1010001,자기공명영상진단료(MRI-기본검사)/뇌/일반,HE1010001,일반,20251028,99991231,350000,350000
MRI_뇌_일반,JDQ4MTg4MSM1MSMkMSMkMCMkOTkkMzgxMzUxIzMxIyQxIyQzIyQ3MiQ0NjEwMDIjODEjJDEjJDIjJDgz,서울연세병원,21,병원,서울,마포구,HE1010001,자기공명영상진단료(MRI-기본검사)/뇌/일반,HE1010001,일반,20250903,99991231,500000,500000
MRI_뇌_일반,JDQ4MTg4MSM1MSMkMSMkMCMkOTkkMzgxMzUxIzQxIyQxIyQ3IyQ4MiQ0NjEwMDIjODEjJDEjJDIjJDgz,서울원병원,21,병원,서울,강서구,HE1010001,자기공명영상진단료(MRI-기본검사)/뇌/일반,HE1010001,일반,20250903,99991231,500000,500000
MRI_뇌_일반,JDQ4MTg4MSM1MSMkMSMkMCMkOTkkMzgxMzUxIzQxIyQxIyQ3IyQ3MiQzNjE0ODEjNDEjJDEjJDQjJDgz,서울유병원,21,병원,서울,강북구,HE1010001,자기공명영상진단료(MRI-기본검사)/뇌/일반,HE1010001,일반,20250903,99991231,320000,320000
MRI_뇌_일반,JDQ4MTg4MSM1MSMkMSMkMCMkOTkkMzgxMzUxIzIxIyQxIyQ5IyQwMyQzNjEwMDIjNDEjJDEjJDgjJDgz,서울정병원,21,병원,서울,중랑구,HE1010001,자기공명영상진단료(MRI-기본검사)/뇌/일반,HE1010001,일반,20251029,99991231,350000,350000
MRI_뇌_일반,JDQ4MTg4MSM1MSMkMSMkMCMkOTkkMzgxMzUxIzMxIyQxIyQzIyQ5MiQyNjEyMjIjNjEjJDEjJDQjJDgz,서울척병원,21,병원,서울,성북구,HE1010001,자기공명영상진단료(MRI-기본검사)/뇌/일반,HE1010001,일반,20250903,99991231,450000,450000
MRI_뇌_일반,JDQ4MTg4MSM1MSMkMSMkMCMkOTkkMzgxMzUxIzIxIyQxIyQ5IyQ3MiQyNjEwMDIjNjEjJDEjJDgjJDgz,서울특별시 북부병원,21,병원,서울,중랑구,HE1010001,자기공명영상진단료(MRI-기본검사)/뇌/일반,HE1010001,일반,20251028,99991231,350000,607200
MRI_뇌_일반,JDQ4MTg4MSM1MSMkMSMkMCMkOTkkMzgxMzUxIzQxIyQxIyQ3IyQ4OSQzNjEyMjIjNzEjJDEjJDgjJDgz,서재곤링커병원,21,병원,서울,송파구,HE1010001,자기공명영상진단료(MRI-기본검사)/뇌/일반,HE1010001,일반,20250903,99991231,450000,450000
MRI_뇌_일반,JDQ4MTg4MSM1MSMkMSMkMCMkOTkkMzgxMzUxIzMxIyQxIyQ3IyQ4OSQzNjEwMDIjNTEjJDEjJDIjJDgz,선수촌병원,21,병원,서울,송파구,HE1010001,자기공명영상진단료(MRI-기본검사)/뇌/일반,HE1010001,일반,20250903,99991231,400000,450000
MRI_뇌_일반,JDQ4MTg4MSM1MSMkMSMkMCMkOTkkMzgxMzUxIzMxIyQyIyQzIyQwMCQyNjE4MzIjNjEjJDEjJDAjJDgz,선한목자병원,21,병원,서울,강남구,HE1010001,자기공명영상진단료(MRI-기본검사)/뇌/일반,HE1010001,일반,20251117,99991231,480000,680000
MRI_뇌_일반,JDQ4MTg4MSM1MSMkMSMkMCMkOTkkMzgxMzUxIzMxIyQyIyQ3IyQwMCQzNjE4MzIjNTEjJDEjJDYjJDgz,세바른병원,21,병원,서울,서초구,HE1010001,자기공명영상진단료(MRI-기본검사)/뇌/일반,HE1010001,일반,20251024,99991231,480000,480000
MRI_뇌_일반,JDQ4MTg4MSM1MSMkMSMkMCMkOTkkMzgxMzUxIzQxIyQxIyQ3IyQ2MiQ0NjEwMDIjNTEjJDEjJDYjJDgz,세솟는정형외과병원,21,병원,서울,마포구,HE1010001,자기공명영상진단료(MRI-기본검사)/뇌/일반,HE1010001,일반,20250903,99991231,450000,450000
MRI_뇌_일반,JDQ4MTg4MSM1MSMkMSMkMCMkOTkkMzgxMzUxIzIxIyQxIyQ5IyQ5OSQyNjEwMDIjNjEjJDEjJDAjJDgz,솔병원,21,병원,서울,강서구,HE1010001,자기공명영상진단료(MRI-기본검사)/뇌/일반,HE1010001,일반,20250903,99991231,350000,350000
MRI_뇌_일반,JDQ4MTg4MSM1MSMkMSMkMCMkOTkkMzgxMzUxIzQxIyQxIyQ3IyQ4MiQ0NjE0ODEjNDEjJDEjJDQjJDgz,신세계서울병원,21,병원,서울,영등포구,HE1010001,자기공명영상진단료(MRI-기본검사)/뇌/일반,HE1010001,일반,20250903,99991231,390000,390000
MRI_뇌_일반,JDQ4MTg4MSM1MSMkMSMkMCMkOTkkMzgxMzUxIzIxIyQyIyQ1IyQwMCQyNjEwMDIjNjEjJDEjJDQjJDgz,신촌연세병원,21,병원,서울,마포구,HE1010001,자기공명영상진단료(MRI-기본검사)/뇌/일반,HE1010001,일반,20251111,99991231,620000,620000
MRI_뇌_일반,JDQ4MTg4MSM1MSMkMSMkMCMkOTkkMzgxMzUxIzIxIyQxIyQ5IyQ5OSQzNjEyMjIjNjEjJDEjJDQjJDgz,양병원,21,병원,서울,강동구,HE1010001,자기공명영상진단료(MRI-기본검사)/뇌/일반,HE1010001,일반,20250903,99991231,450000,450000
MRI_뇌_일반,JDQ4MTg4MSM1MSMkMSMkMCMkOTkkMzgxMzUxIzQxIyQxIyQ3IyQ2MiQzNjE0ODEjNTEjJDEjJDIjJDgz,에스앤유서울병원,21,병원,서울,강서구,HE1010001,자기공명영상진단료(MRI-기본검사)/뇌/일반,HE1010001,일반,20250903,99991231,500000,500000
MRI_뇌_일반,JDQ4MTg4MSM1MSMkMSMkMCMkOTkkMzgxMzUxIzMxIyQxIyQ3IyQ3MiQzNjEwMDIjNDEjJDEjJDgjJDgz,연세건우병원,21,병원,서울,관악구,HE1010001,자기공명영상진단료(MRI-기본검사)/뇌/일반,HE1010001,일반,20251114,99991231,300000,480000
MRI_뇌_일반,JDQ4MTg4MSM1MSMkMSMkMCMkOTkkMzgxMzUxIzMxIyQxIyQzIyQ3MiQzNjE4MzIjNDEjJDEjJDgjJDgz,연세무척나은병원,21,병원,서울,광진구,HE1010001,자기공명영상진단료(MRI-기본검사)/뇌/일반,HE1010001,일반,20250903,99991231,450000,450000
MRI_뇌_일반,JDQ4MTg4MSM1MSMkMSMkMCMkOTkkMzgxMzUxIzQxIyQxIyQ3IyQ2MiQ0NjE0ODEjNjEjJDEjJDQjJDgz,연세바로척병원,21,병원,서울,성동구,HE1010001,자기공명영상진단료(MRI-기본검사)/뇌/일반,HE1010001,일반,20250903,99991231,450000,450000
MRI_뇌_일반,JDQ4MTg4MSM1MSMkMSMkMCMkOTkkMzgxMzUxIzMxIyQxIyQzIyQ3MiQzNjE0ODEjNzEjJDEjJDgjJDgz,연세바른병원,21,병원,서울,동작구,HE1010001,자기공명영상진단료(MRI-기본검사)/뇌/일반,HE1010001,일반,20251110,99991231,450000,450000
MRI_뇌_일반,JDQ4MTg4MSM1MSMkMSMkMCMkOTkkMzgxMzUxIzMxIyQxIyQzIyQ3OSQyNjE0ODEjODEjJDEjJDIjJDgz,연세사랑병원,21,병원,서울,서초구,HE1010001,자기공명영상진단료(MRI-기본검사)/뇌/일반,HE1010001,일반,20250903,99991231,540000,540000
MRI_뇌_일반,JDQ4MTg4MSM1MSMkMSMkMCMkOTkkMzgxMzUxIzQxIyQxIyQ3IyQwMyQyNjEyMjIjNjEjJDEjJDQjJDgz,연세산돌병원,21,병원,서울,중랑구,HE1010001,자기공명영상진단료(MRI-기본검사)/뇌/일반,HE1010001,일반,20250903,99991231,350000,350000
MRI_뇌_일반,JDQ4MTg4MSM1MSMkMSMkMCMkOTkkMzgxMzUxIzQxIyQxIyQ3IyQwMyQyNjEwMDIjNzEjJDEjJDgjJDgz,연세우리병원,21,병원,서울,송파구,HE1010001,자기공명영상진단료(MRI-기본검사)/뇌/일반,HE1010001,일반,20250903,99991231,450000,450000
MRI_뇌_일반,JDQ4MTg4MSM1MSMkMSMkMCMkOTkkMzgxMzUxIzQxIyQxIyQ3IyQ5OSQzNjEyMjIjNjEjJDEjJDAjJDgz,연세한강병원,21,병원,서울,마포구,HE1010001,자기공명영상진단료(MRI-기본검사)/뇌/일반,HE1010001,일반,20251117,99991231,480000,480000
MRI_뇌_일반,JDQ4MTg4MSM1MSMkMSMkMCMkOTkkMzgxMzUxIzMxIyQxIyQ3IyQ3MiQyNjE4MzIjNjEjJDEjJDQjJDgz,예스병원,21,병원,서울,구로구,HE1010001,자기공명영상진단료(MRI-기본검사)/뇌/일반,HE1010001,일반,20250903,99991231,500000,500000
MRI_뇌_일반,JDQ4MTg4MSM1MSMkMSMkMCMkOTkkMzgxMzUxIzIxIyQxIyQ5IyQ5MiQ0NjE0ODEjODEjJDEjJDIjJDgz,올센병원,21,병원,서울,마포구,HE1010001,자기공명영상진단료(MRI-기본검사)/뇌/일반,HE1010001,일반,20250903,99991231,450000,450000
MRI_뇌_일반,JDQ4MTg4MSM1MSMkMSMkMCMkOTkkMzgxMzUxIzIxIyQxIyQ1IyQ5OSQ0NjE0ODEjNjEjJDEjJDQjJDgz,우리들병원,21,병원,서울,강남구,HE1010001,자기공명영상진단료(MRI-기본검사)/뇌/일반,HE1010001,일반,20250903,99991231,650000,650000
MRI_뇌_일반,JDQ4MTg4MSM1MSMkMSMkMCMkOTkkMzgxMzUxIzIxIyQxIyQ1IyQxMyQ0NjEwMDIjNjEjJDEjJDAjJDgz,웰튼병원,21,병원,서울,강서구,HE1010001,자기공명영상진단료(MRI-기본검사)/뇌/일반,HE1010001,일반,20250903,99991231,560000,560000
MRI_뇌_일반,JDQ4MTg4MSM1MSMkMSMkMCMkOTkkMzgxMzUxIzIxIyQxIyQ5IyQ4MiQyNjE0ODEjNjEjJDEjJDQjJDgz,은평연세병원,21,병원,서울,은평구,HE1010001,자기공명영상진단료(MRI-기본검사)/뇌/일반,HE1010001,일반,20250903,99991231,490000,490000
MRI_뇌_일반,JDQ4MTg4MSM1MSMkMSMkMCMkOTkkMzgxMzUxIzMxIyQyIyQzIyQwMCQ0NjEwMDIjNTEjJDEjJDYjJDgz,의료법인 상원의료재단 강북힘찬병원,21,병원,서울,도봉구,HE1010001,자기공명영상진단료(MRI-기본검사)/뇌/일반,HE1010001,일반,20260204,99991231,420000,420000
MRI_뇌_일반,JDQ4MTg4MSM1MSMkMSMkMCMkOTkkMzgxMzUxIzMxIyQxIyQ3IyQxMyQzNjE0ODEjNTEjJDEjJDIjJDgz,의료법인 성누가의료재단 성누가병원,21,병원,서울,은평구,HE1010001,자기공명영상진단료(MRI-기본검사)/뇌/일반,HE1010001,일반,20250903,99991231,350000,350000
MRI_뇌_일반,JDQ4MTg4MSM1MSMkMSMkMCMkOTkkMzgxMzUxIzExIyQxIyQzIyQ5MiQzNjEyMjIjNjEjJDEjJDgjJDgz,의료법인 우신향병원,21,병원,서울,성북구,HE1010001,자기공명영상진단료(MRI-기본검사)/뇌/일반,HE1010001,일반,20250903,99991231,450000,450000
MRI_뇌_일반,JDQ4MTg4MSM1MSMkMSMkMCMkOTkkMzgxMzUxIzExIyQxIyQ3IyQ5MiQyNjE0ODEjNTEjJDEjJDYjJDgz,의료법인 인봉의료재단 영등포병원,21,병원,서울,영등포구,HE1010001,자기공명영상진단료(MRI-기본검사)/뇌/일반,HE1010001,일반,20250903,99991231,450000,450000
MRI_뇌_일반,JDQ4MTg4MSM1MSMkMSMkMCMkOTkkMzgxMzUxIzIxIyQxIyQ5IyQ4OSQyNjE4MzIjNTEjJDEjJDYjJDgz,정동병원,21,병원,서울,동작구,HE1010001,자기공명영상진단료(MRI-기본검사)/뇌/일반,HE1010001,일반,20250903,99991231,580000,580000
MRI_뇌_일반,JDQ4MTg4MSM1MSMkMSMkMCMkOTkkMzgxMzUxIzMxIyQxIyQ3IyQ5OSQyNjE4MzIjNTEjJDEjJDYjJDgz,제일정형외과병원,21,병원,서울,강남구,HE1010001,자기공명영상진단료(MRI-기본검사)/뇌/일반,HE1010001,일반,20250903,99991231,499000,499000
MRI_뇌_일반,JDQ4MTg4MSM1MSMkMSMkMCMkOTkkMzgxMzUxIzMxIyQxIyQ3IyQ4MiQzNjEyMjIjNzEjJDEjJDgjJDgz,조앤조병원,21,병원,서울,중랑구,HE1010001,자기공명영상진단료(MRI-기본검사)/뇌/일반,HE1010001,일반,20251027,99991231,400000,400000
MRI_뇌_일반,JDQ4MTg4MSM1MSMkMSMkMCMkOTkkMzgxMzUxIzMxIyQxIyQ3IyQ3OSQzNjE0ODEjNzEjJDEjJDgjJDgz,조은마디병원,21,병원,서울,강동구,HE1010001,자기공명영상진단료(MRI-기본검사)/뇌/일반,HE1010001,일반,20250903,99991231,400000,400000
MRI_뇌_일반,JDQ4MTg4MSM1MSMkMSMkMCMkOTkkMzgxMzUxIzMxIyQxIyQ3IyQ2MiQyNjE0ODEjNTEjJDEjJDYjJDgz,조인트힐병원,21,병원,서울,관악구,HE1010001,자기공명영상진단료(MRI-기본검사)/뇌/일반,HE1010001,일반,20250903,99991231,450000,450000
MRI_뇌_일반,JDQ4MTg4MSM1MSMkMSMkMCMkOTkkMzgxMzUxIzQxIyQxIyQ3IyQ3OSQzNjEwMDIjNDEjJDEjJDgjJDgz,참바로병원,21,병원,서울,중구,HE1010001,자기공명영상진단료(MRI-기본검사)/뇌/일반,HE1010001,일반,20251117,99991231,250000,450000
MRI_뇌_일반,JDQ4MTg4MSM1MSMkMSMkMCMkOTkkMzgxMzUxIzQxIyQxIyQ3IyQ3MiQzNjEwMDIjODEjJDEjJDIjJDgz,참튼튼병원,21,병원,서울,구로구,HE1010001,자기공명영상진단료(MRI-기본검사)/뇌/일반,HE1010001,일반,20250903,99991231,400000,400000
MRI_뇌_일반,JDQ4MTg4MSM1MSMkMSMkMCMkOTkkMzgxMzUxIzMxIyQxIyQzIyQ5MiQ0NjE0ODEjNjEjJDEjJDAjJDgz,참튼튼병원,21,병원,서울,동대문구,HE1010001,자기공명영상진단료(MRI-기본검사)/뇌/일반,HE1010001,일반,20250903,99991231,400000,400000
MRI_뇌_일반,JDQ4MTg4MSM1MSMkMSMkMCMkOTkkMzgxMzUxIzMxIyQxIyQ3IyQ4OSQyNjEwMDIjNDEjJDEjJDQjJDgz,참포도나무병원,21,병원,서울,서초구,HE1010001,자기공명영상진단료(MRI-기본검사)/뇌/일반,HE1010001,일반,20250903,99991231,450000,450000
MRI_뇌_일반,JDQ4MTg4MSM1MSMkMSMkMCMkOTkkMzgxMzUxIzMxIyQyIyQ3IyQwMCQyNjE0ODEjNjEjJDEjJDgjJDgz,척편한병원,21,병원,서울,관악구,HE1010001,자기공명영상진단료(MRI-기본검사)/뇌/일반,HE1010001,일반,20250903,99991231,420000,420000
MRI_뇌_일반,JDQ4MTg4MSM1MSMkMSMkMCMkOTkkMzgxMzUxIzQxIyQxIyQ3IyQxMyQyNjE0ODEjNjEjJDEjJDgjJDgz,청담해리슨병원,21,병원,서울,강남구,HE1010001,자기공명영상진단료(MRI-기본검사)/뇌/일반,HE1010001,일반,20250903,99991231,500000,500000
MRI_뇌_일반,JDQ4MTg4MSM1MSMkMSMkMCMkOTkkMzgxMzUxIzIxIyQxIyQ5IyQ5MiQzNjEyMjIjNDEjJDEjJDgjJDgz,청병원,21,병원,서울,강동구,HE1010001,자기공명영상진단료(MRI-기본검사)/뇌/일반,HE1010001,일반,20250903,99991231,450000,450000
MRI_뇌_일반,JDQ4MTg4MSM1MSMkMSMkMCMkOTkkMzgxMzUxIzMxIyQxIyQ3IyQ4MiQyNjE4MzIjNTEjJDEjJDIjJDgz,최원호병원,21,병원,서울,은평구,HE1010001,자기공명영상진단료(MRI-기본검사)/뇌/일반,HE1010001,일반,20250903,99991231,390000,390000
MRI_뇌_일반,JDQ4MTg4MSM1MSMkMSMkMCMkOTkkMzgxMzUxIzMxIyQxIyQzIyQ2MiQzNjEwMDIjODEjJDEjJDIjJDgz,튼튼병원,21,병원,서울,강남구,HE1010001,자기공명영상진단료(MRI-기본검사)/뇌/일반,HE1010001,일반,20250903,99991231,450000,450000
MRI_뇌_일반,JDQ4MTg4MSM1MSMkMSMkMCMkOTkkMzgxMzUxIzMxIyQxIyQ3IyQ2MiQzNjE0ODEjNjEjJDEjJDgjJDgz,팔팔병원,21,병원,서울,중랑구,HE1010001,자기공명영상진단료(MRI-기본검사)/뇌/일반,HE1010001,일반,20250903,99991231,400000,400000
MRI_뇌_일반,JDQ4MTg4MSM1MSMkMSMkMCMkOTkkMzgxMzUxIzMxIyQxIyQ3IyQ4OSQzNjEyMjIjNDEjJDEjJDgjJDgz,하늘병원,21,병원,서울,동대문구,HE1010001,자기공명영상진단료(MRI-기본검사)/뇌/일반,HE1010001,일반,20250903,99991231,350000,350000
MRI_뇌_일반,JDQ4MTg4MSM1MSMkMSMkMCMkOTkkMzgxMzUxIzUxIyQxIyQxIyQ3OSQ0NjE0ODEjNTEjJDEjJDIjJDgz,하병원,21,병원,서울,강남구,HE1010001,자기공명영상진단료(MRI-기본검사)/뇌/일반,HE1010001,일반,20251118,99991231,680000,680000
MRI_뇌_일반,JDQ4MTg4MSM1MSMkMSMkMCMkOTkkMzgxMzUxIzMxIyQxIyQ3IyQwMyQzNjEwMDIjNTEjJDEjJDYjJDgz,허리나은병원,21,병원,서울,강동구,HE1010001,자기공명영상진단료(MRI-기본검사)/뇌/일반,HE1010001,일반,20250903,99991231,350000,350000
MRI_뇌_일반,JDQ4MTg4MSM1MSMkMSMkNCMkOTkkMzgxMzUxIzExIyQxIyQzIyQ3OSQyNjEwMDIjODEjJDEjJDIjJDgz,힘찬병원,21,병원,서울,양천구,HE1010001,자기공명영상진단료(MRI-기본검사)/뇌/일반,HE1010001,일반,20250903,99991231,560000,560000
MRI_뇌_일반,JDQ4MTg4MSM1MSMkMSMkMCMkOTkkNTgxOTYxIzExIyQxIyQzIyQ4OSQyNjEwMDIjNDEjJDEjJDgjJDgz,국립정신건강센터,29,정신병원,서울,광진구,HE1010001,자기공명영상진단료(MRI-기본검사)/뇌/일반,HE1010001,일반,20250903,99991231,302640,302640
MRI_뇌_일반,JDQ4MTg4MSM1MSMkMSMkMCMkMTMkMzgxMTkxIzExIyQxIyQ3IyQ5OSQyNjE4MzIjNjEjJDEjJDAjJDgz,노원자생한방병원,92,한방병원,서울,노원구,HE1010001,자기공명영상진단료(MRI-기본검사)/뇌/일반,HE1010001,일반,20250903,99991231,611400,611400
MRI_뇌_일반,JDQ4MTg4MSM1MSMkMSMkMCMkMTMkMzgxMTkxIzExIyQxIyQ3IyQ4OSQyNjEwMDIjNDEjJDEjJDgjJDgz,모커리한방병원,92,한방병원,서울,서초구,HE1010001,자기공명영상진단료(MRI-기본검사)/뇌/일반,HE1010001,일반,20251118,99991231,400000,430000
MRI_뇌_일반,JDQ4MTg4MSM1MSMkMSMkMCMkMTMkMzgxMTkxIzExIyQxIyQ3IyQ5OSQzNjE0ODEjNTEjJDEjJDIjJDgz,목동자생한방병원,92,한방병원,서울,양천구,HE1010001,자기공명영상진단료(MRI-기본검사)/뇌/일반,HE1010001,일반,20250903,99991231,496000,496000
MRI_뇌_일반,JDQ4MTg4MSM1MSMkMSMkMCMkMTMkMzgxMTkxIzExIyQxIyQ3IyQ2MiQzNjE0ODEjNzEjJDEjJDgjJDgz,보라매자생한방병원,92,한방병원,서울,동작구,HE1010001,자기공명영상진단료(MRI-기본검사)/뇌/일반,HE1010001,일반,20250903,99991231,496000,496000
MRI_뇌_일반,JDQ4MTg4MSM1MSMkMSMkMCMkMTMkMzgxMTkxIzExIyQxIyQzIyQ3MiQyNjEwMDIjNTEjJDEjJDYjJDgz,자생한방병원,92,한방병원,서울,강남구,HE1010001,자기공명영상진단료(MRI-기본검사)/뇌/일반,HE1010001,일반,20260113,99991231,564200,564200
MRI_뇌_일반,JDQ4MTg4MSM1MSMkMSMkMCMkMTMkMzgxMTkxIzExIyQyIyQ3IyQwMCQyNjEwMDIjNjEjJDEjJDQjJDgz,잠실자생한방병원,92,한방병원,서울,송파구,HE1010001,자기공명영상진단료(MRI-기본검사)/뇌/일반,HE1010001,일반,20260108,99991231,489100,489100
체외충격파치료,JDQ4MTg4MSM1MSMkMSMkMCMkODkkMzgxMzUxIzExIyQxIyQzIyQ3OSQ0NjEwMDIjNjEjJDEjJDQjJDgz,강북삼성병원,01,상급종합,서울,종로구,SZ0840000,처치 및 수술료(근골)/체외충격파치료[근골격계질환],1091B020,체외충격파치료[근골격계질환],20260312,99991231,63000,241000
체외충격파치료,JDQ4MTg4MSM1MSMkMSMkMCMkODkkMzgxMzUxIzExIyQxIyQzIyQ2MiQyNjE4MzIjNjEjJDEjJDQjJDgz,건국대학교병원,01,상급종합,서울,광진구,SZ0840000,처치 및 수술료(근골)/체외충격파치료[근골격계질환],1091B020,체외충격파치료[근골격계질환],20251027,99991231,201000,319000
체외충격파치료,JDQ4MTg4MSM1MSMkMSMkMCMkODkkMzgxMzUxIzExIyQxIyQzIyQ4OSQzNjEyMjIjODEjJDEjJDIjJDgz,경희대학교병원,01,상급종합,서울,동대문구,SZ0840000,처치 및 수술료(근골)/체외충격파치료[근골격계질환],1091B020,체외충격파치료[근골격계질환],20250903,99991231,110000,160000
체외충격파치료,JDQ4MTg4MSM1MSMkMSMkMCMkODkkMzgxMzUxIzExIyQxIyQzIyQ2MiQ0NjEwMDIjNjEjJDEjJDAjJDgz,고려대학교의과대학부속구로병원,01,상급종합,서울,구로구,SZ0840000,처치 및 수술료(근골)/체외충격파치료[근골격계질환],1091B020,체외충격파치료[근골격계질환],20260120,99991231,70000,90000
체외충격파치료,JDQ4MTg4MSM1MSMkMSMkMCMkODkkMzgxMzUxIzExIyQxIyQzIyQxMyQzNjEwMDIjODEjJDEjJDIjJDgz,삼성서울병원,01,상급종합,서울,강남구,SZ0840000,처치 및 수술료(근골)/체외충격파치료[근골격계질환],1091B020,체외충격파치료[근골격계질환],20250903,99991231,124000,300000
체외충격파치료,JDQ4MTg4MSM1MSMkMSMkMCMkODkkMzgxMzUxIzExIyQxIyQzIyQ3OSQzNjE4MzIjODEjJDEjJDYjJDgz,서울대학교병원,01,상급종합,서울,종로구,SZ0840000,처치 및 수술료(근골)/체외충격파치료[근골격계질환],1091B020,체외충격파치료[근골격계질환],20260113,99991231,139000,232000
체외충격파치료,JDQ4MTg4MSM1MSMkMSMkMCMkODkkMzgxMzUxIzExIyQxIyQzIyQ2MiQzNjE0ODEjNTEjJDEjJDYjJDgz,연세대학교의과대학 강남세브란스병원,01,상급종합,서울,강남구,SZ0840000,처치 및 수술료(근골)/체외충격파치료[근골격계질환],1091B020,체외충격파치료[근골격계질환],20250903,99991231,125000,125000
체외충격파치료,JDQ4MTg4MSM1MSMkMSMkMCMkODkkMzgxMzUxIzExIyQxIyQzIyQ5OSQyNjE0ODEjNjEjJDEjJDgjJDgz,연세대학교의과대학세브란스병원,01,상급종합,서울,서대문구,SZ0840000,처치 및 수술료(근골)/체외충격파치료[근골격계질환],1091B020,체외충격파치료[근골격계질환],20251107,99991231,162000,269000
체외충격파치료,JDQ4MTg4MSM1MSMkMSMkMCMkODkkMzgxMzUxIzExIyQxIyQzIyQxMyQyNjEwMDIjNjEjJDEjJDQjJDgz,이화여자대학교의과대학부속목동병원,01,상급종합,서울,양천구,SZ0840000,처치 및 수술료(근골)/체외충격파치료[근골격계질환],1091B020,체외충격파치료[근골격계질환],20250903,99991231,64500,172600
체외충격파치료,JDQ4MTg4MSM1MSMkMSMkMCMkODkkMzgxMzUxIzExIyQxIyQzIyQwMyQyNjE0ODEjNDEjJDEjJDQjJDgz,재단법인아산사회복지재단 서울아산병원,01,상급종합,서울,송파구,SZ0840000,처치 및 수술료(근골)/체외충격파치료[근골격계질환],1091B020,체외충격파치료[근골격계질환],20250903,99991231,160000,220000
체외충격파치료,JDQ4MTg4MSM1MSMkMSMkMCMkODkkMzgxMzUxIzExIyQxIyQzIyQ3OSQzNjEwMDIjNTEjJDEjJDIjJDgz,중앙대학교병원,01,상급종합,서울,동작구,SZ0840000,처치 및 수술료(근골)/체외충격파치료[근골격계질환],1091B020,체외충격파치료[근골격계질환],20250903,99991231,39800,172100
체외충격파치료,JDQ4MTg4MSM1MSMkMSMkMCMkODkkMzgxMzUxIzExIyQxIyQzIyQ4OSQyNjEwMDIjNzEjJDEjJDgjJDgz,학교법인 고려중앙학원 고려대학교의과대학부속병원(안암병원),01,상급종합,서울,성북구,SZ0840000,처치 및 수술료(근골)/체외충격파치료[근골격계질환],1091B020,체외충격파치료[근골격계질환],20260116,99991231,190000,280000
체외충격파치료,JDQ4MTg4MSM1MSMkMSMkMCMkODkkMzgxMzUxIzExIyQyIyQzIyQwMCQyNjE4MzIjODEjJDEjJDIjJDgz,학교법인가톨릭학원가톨릭대학교서울성모병원,01,상급종합,서울,서초구,SZ0840000,처치 및 수술료(근골)/체외충격파치료[근골격계질환],1091B020,체외충격파치료[근골격계질환],20250903,99991231,108000,189000
체외충격파치료,JDQ4MTg4MSM1MSMkMSMkMCMkODkkMzgxMzUxIzExIyQxIyQzIyQ4OSQ0NjE0ODEjNjEjJDEjJDAjJDgz,한양대학교병원,01,상급종합,서울,성동구,SZ0840000,처치 및 수술료(근골)/체외충격파치료[근골격계질환],1091B020,체외충격파치료[근골격계질환],20250903,99991231,50000,200000
체외충격파치료,JDQ4MTg4MSM1MSMkMSMkMCMkODkkMzgxMzUxIzExIyQxIyQzIyQ3OSQyNjEyMjIjODEjJDEjJDIjJDgz,가톨릭대학교 여의도성모병원,11,종합병원,서울,영등포구,SZ0840000,처치 및 수술료(근골)/체외충격파치료[근골격계질환],1091B020,체외충격파치료[근골격계질환],20260119,99991231,115000,133000
체외충격파치료,JDQ4MTg4MSM1MSMkMSMkMCMkODkkMzgxMzUxIzExIyQxIyQzIyQ4OSQzNjEwMDIjNDEjJDEjJDQjJDgz,가톨릭대학교 은평성모병원,11,종합병원,서울,은평구,SZ0840000,처치 및 수술료(근골)/체외충격파치료[근골격계질환],1091B020,체외충격파치료[근골격계질환],20250903,99991231,105000,105000
체외충격파치료,JDQ4MTg4MSM1MSMkMSMkMCMkODkkMzgxMzUxIzExIyQxIyQ3IyQ2MiQyNjE0ODEjNzEjJDEjJDgjJDgz,강남베드로병원,11,종합병원,서울,강남구,SZ0840000,처치 및 수술료(근골)/체외충격파치료[근골격계질환],1091B020,체외충격파치료[근골격계질환],20250903,99991231,100000,200000
체외충격파치료,JDQ4MTg4MSM1MSMkMSMkMCMkODkkMzgxMzUxIzExIyQxIyQ3IyQ5OSQzNjE4MzIjNDEjJDEjJDQjJDgz,강동경희대학교병원,11,종합병원,서울,강동구,SZ0840000,처치 및 수술료(근골)/체외충격파치료[근골격계질환],1091B020,체외충격파치료[근골격계질환],20260304,99991231,103000,294000
체외충격파치료,JDQ4MTg4MSM1MSMkMSMkMCMkODkkMzgxMzUxIzExIyQxIyQzIyQ4OSQzNjE4MzIjNjEjJDEjJDgjJDgz,경찰병원,11,종합병원,서울,송파구,SZ0840000,처치 및 수술료(근골)/체외충격파치료[근골격계질환],1091B020,체외충격파치료[근골격계질환],20250903,99991231,50000,50000
체외충격파치료,JDQ4MTg4MSM1MSMkMSMkMCMkODkkMzgxMzUxIzExIyQyIyQ3IyQwMCQ0NjE0ODEjNjEjJDEjJDQjJDgz,구로성심병원,11,종합병원,서울,구로구,SZ0840000,처치 및 수술료(근골)/체외충격파치료[근골격계질환],1091B020,체외충격파치료[근골격계질환],20250903,99991231,50000,100000
체외충격파치료,JDQ4MTg4MSM1MSMkMSMkMCMkODkkMzgxMzUxIzExIyQxIyQ3IyQ3OSQyNjEwMDIjNjEjJDEjJDgjJDgz,노원을지대학교병원,11,종합병원,서울,노원구,SZ0840000,처치 및 수술료(근골)/체외충격파치료[근골격계질환],1091B020,체외충격파치료[근골격계질환],20250903,99991231,12000,231000
체외충격파치료,JDQ4MTg4MSM1MSMkMSMkMCMkODkkMzgxMzUxIzExIyQxIyQ3IyQ5OSQzNjEwMDIjNTEjJDEjJDYjJDgz,녹색병원,11,종합병원,서울,중랑구,SZ0840000,처치 및 수술료(근골)/체외충격파치료[근골격계질환],1091B020,체외충격파치료[근골격계질환],20251105,99991231,50000,170000
체외충격파치료,JDQ4MTg4MSM1MSMkMSMkMCMkODkkMzgxMzUxIzExIyQxIyQzIyQ4MiQ0NjEwMDIjODEjJDEjJDYjJDgz,대림성모병원,11,종합병원,서울,영등포구,SZ0840000,처치 및 수술료(근골)/체외충격파치료[근골격계질환],1091B020,체외충격파치료[근골격계질환],20250903,99991231,75000,150000
체외충격파치료,JDQ4MTg4MSM1MSMkMSMkMCMkODkkMzgxMzUxIzExIyQxIyQzIyQwMyQ0NjEwMDIjNTEjJDEjJDYjJDgz,명지성모병원,11,종합병원,서울,영등포구,SZ0840000,처치 및 수술료(근골)/체외충격파치료[근골격계질환],1091B020,체외충격파치료[근골격계질환],20250903,99991231,65000,105000
체외충격파치료,JDQ4MTg4MSM1MSMkMSMkMCMkODkkMzgxMzUxIzExIyQyIyQ3IyQwMCQyNjE4MzIjNjEjJDEjJDAjJDgz,부민병원,11,종합병원,서울,강서구,SZ0840000,처치 및 수술료(근골)/체외충격파치료[근골격계질환],1091B020,체외충격파치료[근골격계질환],20250903,99991231,168690,255310
체외충격파치료,JDQ4MTg4MSM1MSMkMSMkMCMkODkkMzgxMzUxIzExIyQxIyQzIyQ4OSQzNjE0ODEjNDEjJDEjJDgjJDgz,삼육서울병원,11,종합병원,서울,동대문구,SZ0840000,처치 및 수술료(근골)/체외충격파치료[근골격계질환],1091B020,체외충격파치료[근골격계질환],20250903,99991231,45000,110000
체외충격파치료,JDQ4MTg4MSM1MSMkMSMkMCMkODkkMzgxMzUxIzExIyQxIyQzIyQxMyQyNjE0ODEjNzEjJDEjJDgjJDgz,서울성심병원,11,종합병원,서울,동대문구,SZ0840000,처치 및 수술료(근골)/체외충격파치료[근골격계질환],1091B020,체외충격파치료[근골격계질환],20250903,99991231,50000,50000
체외충격파치료,JDQ4MTg4MSM1MSMkMSMkMCMkODkkMzgxMzUxIzExIyQxIyQzIyQ4OSQyNjE0ODEjODEjJDEjJDYjJDgz,서울적십자병원,11,종합병원,서울,종로구,SZ0840000,처치 및 수술료(근골)/체외충격파치료[근골격계질환],1091B020,체외충격파치료[근골격계질환],20250903,99991231,70000,70000
체외충격파치료,JDQ4MTg4MSM1MSMkMSMkMCMkODkkMzgxMzUxIzExIyQxIyQzIyQ4OSQyNjE4MzIjNTEjJDEjJDYjJDgz,서울특별시 동부병원,11,종합병원,서울,동대문구,SZ0840000,처치 및 수술료(근골)/체외충격파치료[근골격계질환],1091B020,체외충격파치료[근골격계질환],20250903,99991231,40480,40480
체외충격파치료,JDQ4MTg4MSM1MSMkMSMkMCMkODkkMzgxMzUxIzExIyQxIyQzIyQ5OSQzNjE0ODEjODEjJDEjJDYjJDgz,서울특별시보라매병원,11,종합병원,서울,동작구,SZ0840000,처치 및 수술료(근골)/체외충격파치료[근골격계질환],1091B020,체외충격파치료[근골격계질환],20250903,99991231,91080,121440
체외충격파치료,JDQ4MTg4MSM1MSMkMSMkMCMkODkkMzgxMzUxIzExIyQyIyQ3IyQwMCQzNjE4MzIjNzEjJDEjJDgjJDgz,서울특별시서남병원,11,종합병원,서울,양천구,SZ0840000,처치 및 수술료(근골)/체외충격파치료[근골격계질환],1091B020,체외충격파치료[근골격계질환],20250903,99991231,35420,80960
체외충격파치료,JDQ4MTg4MSM1MSMkMSMkMCMkODkkMzgxMzUxIzExIyQyIyQ3IyQwMCQyNjEyMjIjNjEjJDEjJDgjJDgz,서울특별시서울의료원,11,종합병원,서울,중랑구,SZ0840000,처치 및 수술료(근골)/체외충격파치료[근골격계질환],1091B020,체외충격파치료[근골격계질환],20250903,99991231,60720,80960
체외충격파치료,JDQ4MTg4MSM1MSMkMSMkMCMkODkkMzgxMzUxIzExIyQxIyQ3IyQ2MiQyNjE4MzIjNDEjJDEjJDgjJDgz,서울현대병원,11,종합병원,서울,강북구,SZ0840000,처치 및 수술료(근골)/체외충격파치료[근골격계질환],1091B020,체외충격파치료[근골격계질환],20251118,99991231,80000,80000
체외충격파치료,JDQ4MTg4MSM1MSMkMSMkMCMkODkkMzgxMzUxIzExIyQxIyQzIyQ5MiQyNjEyMjIjODEjJDEjJDYjJDgz,성심의료재단강동성심병원,11,종합병원,서울,강동구,SZ0840000,처치 및 수술료(근골)/체외충격파치료[근골격계질환],1091B020,체외충격파치료[근골격계질환],20250903,99991231,200000,200000
체외충격파치료,JDQ4MTg4MSM1MSMkMSMkMCMkODkkMzgxMzUxIzExIyQyIyQzIyQwMCQ0NjEwMDIjNzEjJDEjJDgjJDgz,성애의료재단 성애병원,11,종합병원,서울,영등포구,SZ0840000,처치 및 수술료(근골)/체외충격파치료[근골격계질환],1091B020,체외충격파치료[근골격계질환],20250903,99991231,40000,140000
체외충격파치료,JDQ4MTg4MSM1MSMkMSMkMCMkODkkMzgxMzUxIzExIyQxIyQ3IyQ3OSQzNjEwMDIjODEjJDEjJDYjJDgz,세란병원,11,종합병원,서울,종로구,SZ0840000,처치 및 수술료(근골)/체외충격파치료[근골격계질환],1091B020,체외충격파치료[근골격계질환],20250903,99991231,120000,200000
체외충격파치료,JDQ4MTg4MSM1MSMkMSMkMCMkODkkMzgxMzUxIzExIyQxIyQzIyQ5OSQyNjEyMjIjNTEjJDEjJDIjJDgz,순천향대학교 부속 서울병원,11,종합병원,서울,용산구,SZ0840000,처치 및 수술료(근골)/체외충격파치료[근골격계질환],1091B020,체외충격파치료[근골격계질환],20250903,99991231,90000,207600
체외충격파치료,JDQ4MTg4MSM1MSMkMSMkMCMkODkkMzgxMzUxIzExIyQxIyQ3IyQ5OSQzNjE0ODEjNjEjJDEjJDQjJDgz,씨엠병원,11,종합병원,서울,영등포구,SZ0840000,처치 및 수술료(근골)/체외충격파치료[근골격계질환],1091B020,체외충격파치료[근골격계질환],20250903,99991231,50000,300000
체외충격파치료,JDQ4MTg4MSM1MSMkMSMkMCMkODkkMzgxMzUxIzExIyQxIyQzIyQ5MiQyNjEwMDIjNDEjJDEjJDgjJDgz,의료법인 청구성심병원,11,종합병원,서울,은평구,SZ0840000,처치 및 수술료(근골)/체외충격파치료[근골격계질환],1091B020,체외충격파치료[근골격계질환],20251113,99991231,70000,90000
체외충격파치료,JDQ4MTg4MSM1MSMkMSMkMCMkODkkMzgxMzUxIzExIyQxIyQzIyQxMyQ0NjE0ODEjNTEjJDEjJDIjJDgz,의료법인동신의료재단 동신병원,11,종합병원,서울,서대문구,SZ0840000,처치 및 수술료(근골)/체외충격파치료[근골격계질환],1091B020,체외충격파치료[근골격계질환],20250903,99991231,70000,70000
체외충격파치료,JDQ4MTg4MSM1MSMkMSMkMCMkODkkMzgxMzUxIzExIyQyIyQ3IyQwMCQ0NjEwMDIjNTEjJDEjJDYjJDgz,의료법인서울효천의료재단 에이치플러스양지병원,11,종합병원,서울,관악구,SZ0840000,처치 및 수술료(근골)/체외충격파치료[근골격계질환],1091B020,체외충격파치료[근골격계질환],20250903,99991231,40000,150000
체외충격파치료,JDQ4MTg4MSM1MSMkMSMkMCMkODkkMzgxMzUxIzExIyQxIyQ3IyQ4OSQzNjEwMDIjNjEjJDEjJDgjJDgz,의료법인성화의료재단  대한병원,11,종합병원,서울,강북구,SZ0840000,처치 및 수술료(근골)/체외충격파치료[근골격계질환],1091B020,체외충격파치료[근골격계질환],20250903,99991231,60000,75000
체외충격파치료,JDQ4MTg4MSM1MSMkMSMkMCMkODkkMzgxMzUxIzExIyQxIyQzIyQxMyQyNjE4MzIjNDEjJDEjJDgjJDgz,의료법인풍산의료재단동부제일병원,11,종합병원,서울,중랑구,SZ0840000,처치 및 수술료(근골)/체외충격파치료[근골격계질환],1091B020,체외충격파치료[근골격계질환],20250903,99991231,70000,160000
체외충격파치료,JDQ4MTg4MSM1MSMkMSMkMCMkODkkMzgxMzUxIzExIyQxIyQ3IyQ4OSQ0NjEwMDIjODEjJDEjJDYjJDgz,의료법인한전의료재단 한일병원,11,종합병원,서울,도봉구,SZ0840000,처치 및 수술료(근골)/체외충격파치료[근골격계질환],1091B020,체외충격파치료[근골격계질환],20251104,99991231,59100,240060
체외충격파치료,JDQ4MTg4MSM1MSMkMSMkMCMkODkkMzgxMzUxIzExIyQyIyQ3IyQwMCQzNjEyMjIjODEjJDEjJDYjJDgz,이화여자대학교의과대학부속서울병원,11,종합병원,서울,강서구,SZ0840000,처치 및 수술료(근골)/체외충격파치료[근골격계질환],1091B020,체외충격파치료[근골격계질환],20250903,99991231,68900,172600
체외충격파치료,JDQ4MTg4MSM1MSMkMSMkMCMkODkkMzgxMzUxIzExIyQxIyQzIyQwMyQyNjEwMDIjODEjJDEjJDIjJDgz,인제대학교 상계백병원,11,종합병원,서울,노원구,SZ0840000,처치 및 수술료(근골)/체외충격파치료[근골격계질환],1091B020,체외충격파치료[근골격계질환],20250903,99991231,66000,354000
체외충격파치료,JDQ4MTg4MSM1MSMkMSMkMCMkODkkMzgxMzUxIzExIyQxIyQzIyQ5OSQyNjE4MzIjNDEjJDEjJDgjJDgz,한국보훈복지의료공단 중앙보훈병원,11,종합병원,서울,강동구,SZ0840000,처치 및 수술료(근골)/체외충격파치료[근골격계질환],1091B020,체외충격파치료[근골격계질환],20250903,99991231,70000,70000
체외충격파치료,JDQ4MTg4MSM1MSMkMSMkMCMkODkkMzgxMzUxIzExIyQyIyQzIyQwMCQyNjE0ODEjNTEjJDEjJDYjJDgz,한림대학교 강남성심병원,11,종합병원,서울,영등포구,SZ0840000,처치 및 수술료(근골)/체외충격파치료[근골격계질환],1091B020,체외충격파치료[근골격계질환],20251208,99991231,10000,214000
체외충격파치료,JDQ4MTg4MSM1MSMkMSMkMCMkODkkMzgxMzUxIzExIyQxIyQzIyQ5OSQzNjEwMDIjNzEjJDEjJDgjJDgz,한림대학교 한강성심병원,11,종합병원,서울,영등포구,SZ0840000,처치 및 수술료(근골)/체외충격파치료[근골격계질환],1091B020,체외충격파치료[근골격계질환],20250903,99991231,33000,220000
체외충격파치료,JDQ4MTg4MSM1MSMkMSMkMCMkODkkMzgxMzUxIzExIyQxIyQ3IyQ2MiQyNjEwMDIjNjEjJDEjJDQjJDgz,혜민병원,11,종합병원,서울,광진구,SZ0840000,처치 및 수술료(근골)/체외충격파치료[근골격계질환],1091B020,체외충격파치료[근골격계질환],20251031,99991231,50000,250000
체외충격파치료,JDQ4MTg4MSM1MSMkMSMkMCMkODkkMzgxMzUxIzExIyQxIyQzIyQxMyQyNjEyMjIjNTEjJDEjJDYjJDgz,홍익병원,11,종합병원,서울,양천구,SZ0840000,처치 및 수술료(근골)/체외충격파치료[근골격계질환],1091B020,체외충격파치료[근골격계질환],20250903,99991231,70000,110000
체외충격파치료,JDQ4MTg4MSM1MSMkMSMkMCMkODkkMzgxMzUxIzExIyQxIyQzIyQxMyQ0NjEwMDIjNDEjJDEjJDgjJDgz,희명병원,11,종합병원,서울,금천구,SZ0840000,처치 및 수술료(근골)/체외충격파치료[근골격계질환],1091B020,체외충격파치료[근골격계질환],20250903,99991231,30000,240000
체외충격파치료,JDQ4MTg4MSM1MSMkMSMkMCMkOTkkMzgxMzUxIzQxIyQxIyQ3IyQwMyQ0NjEwMDIjNTEjJDEjJDIjJDgz,(의)가산의료재단 광동병원,21,병원,서울,강남구,SZ0840000,처치 및 수술료(근골)/체외충격파치료[근골격계질환],1091B020,체외충격파치료[근골격계질환],20250903,99991231,50000,200000
체외충격파치료,JDQ4MTg4MSM1MSMkMSMkMCMkOTkkMzgxMzUxIzUxIyQxIyQxIyQ3OSQzNjEwMDIjODEjJDEjJDIjJDgz,123스텝업병원,21,병원,서울,강동구,SZ0840000,처치 및 수술료(근골)/체외충격파치료[근골격계질환],1091B020,체외충격파치료[근골격계질환],20251104,99991231,80000,200000
체외충격파치료,JDQ4MTg4MSM1MSMkMSMkMCMkOTkkMzgxMzUxIzQxIyQxIyQ3IyQ5OSQzNjE0ODEjODEjJDEjJDIjJDgz,9988병원,21,병원,서울,성동구,SZ0840000,처치 및 수술료(근골)/체외충격파치료[근골격계질환],1091B020,체외충격파치료[근골격계질환],20250903,99991231,50000,140000
체외충격파치료,JDQ4MTg4MSM1MSMkMSMkMCMkOTkkMzgxMzUxIzQxIyQxIyQ3IyQ4OSQ0NjEwMDIjNDEjJDEjJDgjJDgz,가자연세병원,21,병원,서울,서대문구,SZ0840000,처치 및 수술료(근골)/체외충격파치료[근골격계질환],1091B020,체외충격파치료[근골격계질환],20250903,99991231,71400,265200
체외충격파치료,JDQ4MTg4MSM1MSMkMSMkMCMkOTkkMzgxMzUxIzQxIyQxIyQ3IyQ4MiQzNjEyMjIjNTEjJDEjJDYjJDgz,강남고려병원,21,병원,서울,관악구,SZ0840000,처치 및 수술료(근골)/체외충격파치료[근골격계질환],1091B020,체외충격파치료[근골격계질환],20250903,99991231,60000,60000
체외충격파치료,JDQ4MTg4MSM1MSMkMSMkMCMkOTkkMzgxMzUxIzMxIyQxIyQzIyQ4MiQ0NjE0ODEjNzEjJDEjJDgjJDgz,강남수병원,21,병원,서울,송파구,SZ0840000,처치 및 수술료(근골)/체외충격파치료[근골격계질환],1091B020,체외충격파치료[근골격계질환],20250903,99991231,50000,50000
체외충격파치료,JDQ4MTg4MSM1MSMkMSMkMCMkOTkkMzgxMzUxIzQxIyQxIyQ3IyQ5OSQyNjE4MzIjNDEjJDEjJDQjJDgz,강남유나이티드병원,21,병원,서울,강남구,SZ0840000,처치 및 수술료(근골)/체외충격파치료[근골격계질환],1091B020,체외충격파치료[근골격계질환],20250903,99991231,70000,150000
체외충격파치료,JDQ4MTg4MSM1MSMkMSMkMCMkOTkkMzgxMzUxIzMxIyQxIyQ3IyQ2MiQyNjE4MzIjODEjJDEjJDIjJDgz,강남제이에스병원,21,병원,서울,강남구,SZ0840000,처치 및 수술료(근골)/체외충격파치료[근골격계질환],1091B020,체외충격파치료[근골격계질환],20250903,99991231,150000,180000
체외충격파치료,JDQ4MTg4MSM1MSMkMSMkMCMkOTkkMzgxMzUxIzQxIyQyIyQ3IyQwMCQzNjEwMDIjNTEjJDEjJDYjJDgz,강남지인병원,21,병원,서울,강남구,SZ0840000,처치 및 수술료(근골)/체외충격파치료[근골격계질환],1091B020,체외충격파치료[근골격계질환],20250903,99991231,50000,150000
체외충격파치료,JDQ4MTg4MSM1MSMkMSMkMCMkOTkkMzgxMzUxIzMxIyQxIyQzIyQ3MiQyNjEwMDIjNTEjJDEjJDIjJDgz,강남초이스병원,21,병원,서울,강남구,SZ0840000,처치 및 수술료(근골)/체외충격파치료[근골격계질환],1091B020,체외충격파치료[근골격계질환],20250903,99991231,50000,250000
체외충격파치료,JDQ4MTg4MSM1MSMkMSMkMCMkOTkkMzgxMzUxIzMxIyQxIyQzIyQxMyQ0NjEwMDIjNzEjJDEjJDgjJDgz,강동연세병원,21,병원,서울,강동구,SZ0840000,처치 및 수술료(근골)/체외충격파치료[근골격계질환],1091B020,체외충격파치료[근골격계질환],20250903,99991231,50000,80000
체외충격파치료,JDQ4MTg4MSM1MSMkMSMkMCMkOTkkMzgxMzUxIzMxIyQxIyQzIyQ3OSQyNjEwMDIjNjEjJDEjJDgjJDgz,강북21세기병원,21,병원,서울,중랑구,SZ0840000,처치 및 수술료(근골)/체외충격파치료[근골격계질환],1091B020,체외충격파치료[근골격계질환],20250903,99991231,59000,99000
체외충격파치료,JDQ4MTg4MSM1MSMkMSMkMCMkOTkkMzgxMzUxIzQxIyQxIyQ3IyQ3OSQyNjEwMDIjODEjJDEjJDYjJDgz,강북연세병원,21,병원,서울,노원구,SZ0840000,처치 및 수술료(근골)/체외충격파치료[근골격계질환],1091B020,체외충격파치료[근골격계질환],20250903,99991231,100000,200000
체외충격파치료,JDQ4MTg4MSM1MSMkMSMkMCMkOTkkMzgxMzUxIzQxIyQxIyQ3IyQ3MiQyNjEwMDIjNjEjJDEjJDQjJDgz,강북으뜸병원,21,병원,서울,강북구,SZ0840000,처치 및 수술료(근골)/체외충격파치료[근골격계질환],1091B020,체외충격파치료[근골격계질환],20250903,99991231,50000,100000
체외충격파치료,JDQ4MTg4MSM1MSMkMSMkMCMkOTkkMzgxMzUxIzQxIyQxIyQ3IyQ2MiQyNjE4MzIjNjEjJDEjJDAjJDgz,강서바른세상병원,21,병원,서울,강서구,SZ0840000,처치 및 수술료(근골)/체외충격파치료[근골격계질환],1091B020,체외충격파치료[근골격계질환],20250903,99991231,50000,50000
체외충격파치료,JDQ4MTg4MSM1MSMkMSMkMCMkOTkkMzgxMzUxIzQxIyQxIyQ3IyQxMyQyNjE4MzIjNDEjJDEjJDgjJDgz,강서케이병원,21,병원,서울,강서구,SZ0840000,처치 및 수술료(근골)/체외충격파치료[근골격계질환],1091B020,체외충격파치료[근골격계질환],20250903,99991231,70000,140000
체외충격파치료,JDQ4MTg4MSM1MSMkMSMkMCMkOTkkMzgxMzUxIzMxIyQxIyQ3IyQ4MiQzNjEwMDIjODEjJDEjJDYjJDgz,강서힘찬병원,21,병원,서울,강서구,SZ0840000,처치 및 수술료(근골)/체외충격파치료[근골격계질환],1091B020,체외충격파치료[근골격계질환],20250903,99991231,45000,180000
체외충격파치료,JDQ4MTg4MSM1MSMkMSMkMCMkOTkkMzgxMzUxIzQxIyQxIyQ3IyQxMyQ0NjEwMDIjNDEjJDEjJDQjJDgz,강철병원,21,병원,서울,송파구,SZ0840000,처치 및 수술료(근골)/체외충격파치료[근골격계질환],1091B020,체외충격파치료[근골격계질환],20250903,99991231,60000,200000
체외충격파치료,JDQ4MTg4MSM1MSMkMSMkMCMkOTkkMzgxMzUxIzMxIyQyIyQzIyQwMCQ0NjE0ODEjNjEjJDEjJDQjJDgz,고도일병원,21,병원,서울,서초구,SZ0840000,처치 및 수술료(근골)/체외충격파치료[근골격계질환],1091B020,체외충격파치료[근골격계질환],20250903,99991231,100000,150000
체외충격파치료,JDQ4MTg4MSM1MSMkMSMkMCMkOTkkMzgxMzUxIzIxIyQxIyQxIyQ5OSQ0NjE0ODEjODEjJDEjJDYjJDgz,광혜병원,21,병원,서울,강남구,SZ0840000,처치 및 수술료(근골)/체외충격파치료[근골격계질환],1091B020,체외충격파치료[근골격계질환],20250903,99991231,50000,150000
체외충격파치료,JDQ4MTg4MSM1MSMkMSMkMCMkOTkkMzgxMzUxIzIxIyQxIyQxIyQ2MiQ0NjE0ODEjNTEjJDEjJDYjJDgz,국립재활원,21,병원,서울,강북구,SZ0840000,처치 및 수술료(근골)/체외충격파치료[근골격계질환],1091B020,체외충격파치료[근골격계질환],20260109,99991231,62200,82900
체외충격파치료,JDQ4MTg4MSM1MSMkMSMkMCMkOTkkMzgxMzUxIzMxIyQxIyQzIyQ5OSQyNjEwMDIjNDEjJDEjJDgjJDgz,금강아산병원(재단법인 아산사회복지재단),21,병원,서울,용산구,SZ0840000,처치 및 수술료(근골)/체외충격파치료[근골격계질환],1091B020,체외충격파치료[근골격계질환],20250903,99991231,80000,120000
체외충격파치료,JDQ4MTg4MSM1MSMkMSMkMCMkOTkkMzgxMzUxIzIxIyQxIyQ5IyQ3OSQzNjE4MzIjODEjJDEjJDYjJDgz,나누리병원,21,병원,서울,강남구,SZ0840000,처치 및 수술료(근골)/체외충격파치료[근골격계질환],1091B020,체외충격파치료[근골격계질환],20250903,99991231,100000,100000
체외충격파치료,JDQ4MTg4MSM1MSMkMSMkMCMkOTkkMzgxMzUxIzMxIyQxIyQzIyQ5MiQ0NjEwMDIjNTEjJDEjJDIjJDgz,날개병원,21,병원,서울,동대문구,SZ0840000,처치 및 수술료(근골)/체외충격파치료[근골격계질환],1091B020,체외충격파치료[근골격계질환],20250903,99991231,96800,96800
체외충격파치료,JDQ4MTg4MSM1MSMkMSMkMCMkOTkkMzgxMzUxIzMxIyQxIyQ3IyQ3MiQ0NjE0ODEjNjEjJDEjJDgjJDgz,남기세병원,21,병원,서울,강동구,SZ0840000,처치 및 수술료(근골)/체외충격파치료[근골격계질환],1091B020,체외충격파치료[근골격계질환],20250903,99991231,80000,170000
체외충격파치료,JDQ4MTg4MSM1MSMkMSMkMCMkOTkkMzgxMzUxIzQxIyQxIyQ3IyQxMyQzNjE0ODEjODEjJDEjJDYjJDgz,뉴민병원,21,병원,서울,서초구,SZ0840000,처치 및 수술료(근골)/체외충격파치료[근골격계질환],1091B020,체외충격파치료[근골격계질환],20250903,99991231,80000,160000
체외충격파치료,JDQ4MTg4MSM1MSMkMSMkMCMkOTkkMzgxMzUxIzIxIyQxIyQ5IyQwMyQ0NjE0ODEjNjEjJDEjJDQjJDgz,뉴스타트병원,21,병원,서울,송파구,SZ0840000,처치 및 수술료(근골)/체외충격파치료[근골격계질환],1091B020,체외충격파치료[근골격계질환],20250903,99991231,80000,120000
체외충격파치료,JDQ4MTg4MSM1MSMkMSMkMCMkOTkkMzgxMzUxIzQxIyQxIyQ3IyQ3OSQyNjEyMjIjNzEjJDEjJDgjJDgz,늘찬병원,21,병원,서울,중랑구,SZ0840000,처치 및 수술료(근골)/체외충격파치료[근골격계질환],1091B020,체외충격파치료[근골격계질환],20250903,99991231,70000,250000
체외충격파치료,JDQ4MTg4MSM1MSMkMSMkMCMkOTkkMzgxMzUxIzMxIyQyIyQ3IyQwMCQyNjEwMDIjNjEjJDEjJDAjJDgz,달려라병원,21,병원,서울,강동구,SZ0840000,처치 및 수술료(근골)/체외충격파치료[근골격계질환],1091B020,체외충격파치료[근골격계질환],20250903,99991231,60000,150000
체외충격파치료,JDQ4MTg4MSM1MSMkMSMkMCMkOTkkMzgxMzUxIzQxIyQxIyQ3IyQ5MiQyNjE0ODEjNDEjJDEjJDgjJDgz,더드림병원,21,병원,서울,강남구,SZ0840000,처치 및 수술료(근골)/체외충격파치료[근골격계질환],1091B020,체외충격파치료[근골격계질환],20250903,99991231,50000,300000
체외충격파치료,JDQ4MTg4MSM1MSMkMSMkMCMkOTkkMzgxMzUxIzQxIyQxIyQ3IyQ4OSQzNjEwMDIjODEjJDEjJDYjJDgz,더서울병원,21,병원,서울,성북구,SZ0840000,처치 및 수술료(근골)/체외충격파치료[근골격계질환],1091B020,체외충격파치료[근골격계질환],20251021,99991231,40000,120000
체외충격파치료,JDQ4MTg4MSM1MSMkMSMkMCMkOTkkMzgxMzUxIzMxIyQxIyQ3IyQ2MiQ0NjE0ODEjODEjJDEjJDYjJDgz,더셀채원병원,21,병원,서울,강동구,SZ0840000,처치 및 수술료(근골)/체외충격파치료[근골격계질환],1091B020,체외충격파치료[근골격계질환],20250903,99991231,70000,140000
체외충격파치료,JDQ4MTg4MSM1MSMkMSMkMCMkOTkkMzgxMzUxIzQxIyQxIyQ3IyQwMyQzNjEyMjIjODEjJDEjJDIjJDgz,덕수의료재단 서울브레인병원,21,병원,서울,영등포구,SZ0840000,처치 및 수술료(근골)/체외충격파치료[근골격계질환],1091B020,체외충격파치료[근골격계질환],20250903,99991231,50000,80000
체외충격파치료,JDQ4MTg4MSM1MSMkMSMkMCMkOTkkMzgxMzUxIzQxIyQxIyQ3IyQ4MiQzNjE4MzIjNDEjJDEjJDgjJDgz,두발로병원,21,병원,서울,강남구,SZ0840000,처치 및 수술료(근골)/체외충격파치료[근골격계질환],1091B020,체외충격파치료[근골격계질환],20250903,99991231,80000,160000
체외충격파치료,JDQ4MTg4MSM1MSMkMSMkMCMkOTkkMzgxMzUxIzMxIyQxIyQzIyQxMyQyNjE4MzIjODEjJDEjJDIjJDgz,디앤에프병원,21,병원,서울,중랑구,SZ0840000,처치 및 수술료(근골)/체외충격파치료[근골격계질환],1091B020,체외충격파치료[근골격계질환],20250903,99991231,70000,130000
체외충격파치료,JDQ4MTg4MSM1MSMkMSMkMCMkOTkkMzgxMzUxIzQxIyQxIyQ3IyQxMyQzNjEwMDIjNzEjJDEjJDgjJDgz,러스크서울병원,21,병원,서울,중랑구,SZ0840000,처치 및 수술료(근골)/체외충격파치료[근골격계질환],1091B020,체외충격파치료[근골격계질환],20250903,99991231,50000,70000
체외충격파치료,JDQ4MTg4MSM1MSMkMSMkMCMkOTkkMzgxMzUxIzMxIyQxIyQ3IyQ3OSQyNjEyMjIjNDEjJDEjJDgjJDgz,로이병원,21,병원,서울,종로구,SZ0840000,처치 및 수술료(근골)/체외충격파치료[근골격계질환],1091B020,체외충격파치료[근골격계질환],20250903,99991231,70000,250000
체외충격파치료,JDQ4MTg4MSM1MSMkMSMkMCMkOTkkMzgxMzUxIzIxIyQxIyQ5IyQ2MiQzNjE0ODEjNTEjJDEjJDYjJDgz,리더스병원,21,병원,서울,강동구,SZ0840000,처치 및 수술료(근골)/체외충격파치료[근골격계질환],1091B020,체외충격파치료[근골격계질환],20250903,99991231,20000,100000
체외충격파치료,JDQ4MTg4MSM1MSMkMSMkMCMkOTkkMzgxMzUxIzQxIyQxIyQ3IyQ5OSQyNjEwMDIjNTEjJDEjJDYjJDgz,리드힐병원,21,병원,서울,은평구,SZ0840000,처치 및 수술료(근골)/체외충격파치료[근골격계질환],1091B020,체외충격파치료[근골격계질환],20250903,99991231,60000,120000
체외충격파치료,JDQ4MTg4MSM1MSMkMSMkMCMkOTkkMzgxMzUxIzQxIyQxIyQ3IyQ2MiQzNjEwMDIjNDEjJDEjJDgjJDgz,마디세상병원,21,병원,서울,중랑구,SZ0840000,처치 및 수술료(근골)/체외충격파치료[근골격계질환],1091B020,체외충격파치료[근골격계질환],20250903,99991231,60000,120000
체외충격파치료,JDQ4MTg4MSM1MSMkMSMkMCMkOTkkMzgxMzUxIzQxIyQxIyQ3IyQ5OSQyNjE0ODEjNjEjJDEjJDQjJDgz,메드렉스병원,21,병원,서울,강남구,SZ0840000,처치 및 수술료(근골)/체외충격파치료[근골격계질환],1091B020,체외충격파치료[근골격계질환],20251117,99991231,73000,210000
체외충격파치료,JDQ4MTg4MSM1MSMkMSMkMCMkOTkkMzgxMzUxIzIxIyQxIyQ5IyQ4MiQ0NjE0ODEjNDEjJDEjJDgjJDgz,메디힐병원,21,병원,서울,양천구,SZ0840000,처치 및 수술료(근골)/체외충격파치료[근골격계질환],1091B020,체외충격파치료[근골격계질환],20250903,99991231,50000,50000
체외충격파치료,JDQ4MTg4MSM1MSMkMSMkNCMkOTkkMzgxMzUxIzExIyQxIyQzIyQ3OSQyNjE4MzIjNjEjJDEjJDAjJDgz,미래본병원,21,병원,서울,송파구,SZ0840000,처치 및 수술료(근골)/체외충격파치료[근골격계질환],1091B020,체외충격파치료[근골격계질환],20250903,99991231,100000,170000
체외충격파치료,JDQ4MTg4MSM1MSMkMSMkMCMkOTkkMzgxMzUxIzIxIyQyIyQ5IyQwMCQyNjE0ODEjNTEjJDEjJDYjJDgz,바로선병원,21,병원,서울,도봉구,SZ0840000,처치 및 수술료(근골)/체외충격파치료[근골격계질환],1091B020,체외충격파치료[근골격계질환],20250903,99991231,50000,50000
체외충격파치료,JDQ4MTg4MSM1MSMkMSMkMCMkOTkkMzgxMzUxIzMxIyQxIyQzIyQxMyQzNjEwMDIjNjEjJDEjJDAjJDgz,바른본병원,21,병원,서울,광진구,SZ0840000,처치 및 수술료(근골)/체외충격파치료[근골격계질환],1091B020,체외충격파치료[근골격계질환],20250903,99991231,70000,70000
체외충격파치료,JDQ4MTg4MSM1MSMkMSMkMCMkOTkkMzgxMzUxIzQxIyQxIyQ3IyQ3MiQ0NjE0ODEjNTEjJDEjJDIjJDgz,바른사랑병원,21,병원,서울,관악구,SZ0840000,처치 및 수술료(근골)/체외충격파치료[근골격계질환],1091B020,체외충격파치료[근골격계질환],20250903,99991231,30000,150000
체외충격파치료,JDQ4MTg4MSM1MSMkMSMkMCMkOTkkMzgxMzUxIzIxIyQxIyQ5IyQ2MiQ0NjEwMDIjNjEjJDEjJDAjJDgz,반도정형외과병원,21,병원,서울,중구,SZ0840000,처치 및 수술료(근골)/체외충격파치료[근골격계질환],1091B020,체외충격파치료[근골격계질환],20250903,99991231,70000,70000
체외충격파치료,JDQ4MTg4MSM1MSMkMSMkMCMkOTkkMzgxMzUxIzIxIyQxIyQ5IyQxMyQzNjE4MzIjNjEjJDEjJDAjJDgz,방병원,21,병원,서울,노원구,SZ0840000,처치 및 수술료(근골)/체외충격파치료[근골격계질환],1091B020,체외충격파치료[근골격계질환],20251031,99991231,60000,200000
체외충격파치료,JDQ4MTg4MSM1MSMkMSMkMCMkOTkkMzgxMzUxIzMxIyQxIyQ3IyQ4OSQyNjE0ODEjNDEjJDEjJDgjJDgz,방화병원,21,병원,서울,강서구,SZ0840000,처치 및 수술료(근골)/체외충격파치료[근골격계질환],1091B020,체외충격파치료[근골격계질환],20250903,99991231,50000,50000
체외충격파치료,JDQ4MTg4MSM1MSMkMSMkMCMkOTkkMzgxMzUxIzQxIyQxIyQ3IyQ5MiQ0NjEwMDIjNjEjJDEjJDQjJDgz,본서부병원,21,병원,서울,은평구,SZ0840000,처치 및 수술료(근골)/체외충격파치료[근골격계질환],1091B020,체외충격파치료[근골격계질환],20250903,99991231,30000,70000
체외충격파치료,JDQ4MTg4MSM1MSMkMSMkMCMkOTkkMzgxMzUxIzQxIyQxIyQ3IyQ2MiQyNjE0ODEjNDEjJDEjJDQjJDgz,빠른병원,21,병원,서울,송파구,SZ0840000,처치 및 수술료(근골)/체외충격파치료[근골격계질환],1091B020,체외충격파치료[근골격계질환],20250903,99991231,75000,75000
체외충격파치료,JDQ4MTg4MSM1MSMkMSMkMCMkOTkkMzgxMzUxIzQxIyQxIyQ3IyQ5OSQzNjE4MzIjNTEjJDEjJDIjJDgz,사랑의병원,21,병원,서울,관악구,SZ0840000,처치 및 수술료(근골)/체외충격파치료[근골격계질환],1091B020,체외충격파치료[근골격계질환],20250903,99991231,100000,150000
체외충격파치료,JDQ4MTg4MSM1MSMkMSMkMCMkOTkkMzgxMzUxIzMxIyQxIyQ3IyQ4OSQzNjE0ODEjNjEjJDEjJDAjJDgz,사랑플러스병원,21,병원,서울,강동구,SZ0840000,처치 및 수술료(근골)/체외충격파치료[근골격계질환],1091B020,체외충격파치료[근골격계질환],20250903,99991231,70000,130000
체외충격파치료,JDQ4MTg4MSM1MSMkMSMkMCMkOTkkMzgxMzUxIzMxIyQxIyQ3IyQxMyQyNjE0ODEjNDEjJDEjJDQjJDgz,새길병원,21,병원,서울,영등포구,SZ0840000,처치 및 수술료(근골)/체외충격파치료[근골격계질환],1091B020,체외충격파치료[근골격계질환],20250903,99991231,50000,200000
체외충격파치료,JDQ4MTg4MSM1MSMkMSMkMCMkOTkkMzgxMzUxIzQxIyQxIyQ3IyQ4MiQyNjEyMjIjNDEjJDEjJDgjJDgz,새로운병원,21,병원,서울,강남구,SZ0840000,처치 및 수술료(근골)/체외충격파치료[근골격계질환],1091B020,체외충격파치료[근골격계질환],20250903,99991231,100000,300000
체외충격파치료,JDQ4MTg4MSM1MSMkMSMkMCMkOTkkMzgxMzUxIzQxIyQxIyQ3IyQ3OSQzNjE0ODEjNTEjJDEjJDYjJDgz,새움병원,21,병원,서울,금천구,SZ0840000,처치 및 수술료(근골)/체외충격파치료[근골격계질환],1091B020,체외충격파치료[근골격계질환],20250903,99991231,80000,160000
체외충격파치료,JDQ4MTg4MSM1MSMkMSMkMCMkOTkkMzgxMzUxIzQxIyQxIyQ3IyQwMyQyNjE4MzIjNTEjJDEjJDYjJDgz,새힘병원,21,병원,서울,노원구,SZ0840000,처치 및 수술료(근골)/체외충격파치료[근골격계질환],1091B020,체외충격파치료[근골격계질환],20250903,99991231,80000,150000
체외충격파치료,JDQ4MTg4MSM1MSMkMSMkMCMkOTkkMzgxMzUxIzIxIyQxIyQ5IyQ3OSQzNjEyMjIjNDEjJDEjJDgjJDgz,서울21세기병원,21,병원,서울,서초구,SZ0840000,처치 및 수술료(근골)/체외충격파치료[근골격계질환],1091B020,체외충격파치료[근골격계질환],20250903,99991231,55000,55000
체외충격파치료,JDQ4MTg4MSM1MSMkMSMkMCMkOTkkMzgxMzUxIzQxIyQxIyQ3IyQ3MiQzNjE4MzIjNjEjJDEjJDAjJDgz,서울고든병원,21,병원,서울,강서구,SZ0840000,처치 및 수술료(근골)/체외충격파치료[근골격계질환],1091B020,체외충격파치료[근골격계질환],20250903,99991231,60000,120000
체외충격파치료,JDQ4MTg4MSM1MSMkMSMkMCMkOTkkMzgxMzUxIzMxIyQxIyQ3IyQwMyQyNjEwMDIjNDEjJDEjJDgjJDgz,서울나은병원,21,병원,서울,동대문구,SZ0840000,처치 및 수술료(근골)/체외충격파치료[근골격계질환],1091B020,체외충격파치료[근골격계질환],20250903,99991231,50000,50000
체외충격파치료,JDQ4MTg4MSM1MSMkMSMkMCMkOTkkMzgxMzUxIzMxIyQxIyQ3IyQ3OSQyNjE4MzIjODEjJDEjJDYjJDgz,서울노보스병원,21,병원,서울,도봉구,SZ0840000,처치 및 수술료(근골)/체외충격파치료[근골격계질환],1091B020,체외충격파치료[근골격계질환],20250903,99991231,40000,100000
체외충격파치료,JDQ4MTg4MSM1MSMkMSMkMCMkOTkkMzgxMzUxIzMxIyQxIyQ3IyQ5MiQzNjEwMDIjNjEjJDEjJDgjJDgz,서울라본병원,21,병원,서울,중랑구,SZ0840000,처치 및 수술료(근골)/체외충격파치료[근골격계질환],1091B020,체외충격파치료[근골격계질환],20250903,99991231,50000,90000
체외충격파치료,JDQ4MTg4MSM1MSMkMSMkMCMkOTkkMzgxMzUxIzQxIyQxIyQ3IyQ5MiQzNjE0ODEjNjEjJDEjJDAjJDgz,서울바른병원,21,병원,서울,영등포구,SZ0840000,처치 및 수술료(근골)/체외충격파치료[근골격계질환],1091B020,체외충격파치료[근골격계질환],20250903,99991231,100000,250000
체외충격파치료,JDQ4MTg4MSM1MSMkMSMkMCMkOTkkMzgxMzUxIzMxIyQxIyQ3IyQxMyQyNjEwMDIjODEjJDEjJDIjJDgz,서울바른세상병원,21,병원,서울,금천구,SZ0840000,처치 및 수술료(근골)/체외충격파치료[근골격계질환],1091B020,체외충격파치료[근골격계질환],20250903,99991231,66000,120000
체외충격파치료,JDQ4MTg4MSM1MSMkMSMkMCMkOTkkMzgxMzUxIzIxIyQxIyQ1IyQ5MiQzNjEyMjIjNjEjJDEjJDQjJDgz,서울병원,21,병원,서울,은평구,SZ0840000,처치 및 수술료(근골)/체외충격파치료[근골격계질환],1091B020,체외충격파치료[근골격계질환],20250903,99991231,80000,80000
체외충격파치료,JDQ4MTg4MSM1MSMkMSMkMCMkOTkkMzgxMzUxIzMxIyQxIyQzIyQ4MiQzNjE4MzIjODEjJDEjJDYjJDgz,서울병원,21,병원,서울,송파구,SZ0840000,처치 및 수술료(근골)/체외충격파치료[근골격계질환],1091B020,체외충격파치료[근골격계질환],20250903,99991231,100000,100000
체외충격파치료,JDQ4MTg4MSM1MSMkMSMkMCMkOTkkMzgxMzUxIzQxIyQxIyQ3IyQ3MiQyNjE4MzIjNDEjJDEjJDgjJDgz,서울본브릿지병원,21,병원,서울,강남구,SZ0840000,처치 및 수술료(근골)/체외충격파치료[근골격계질환],1091B020,체외충격파치료[근골격계질환],20250903,99991231,120000,150000
체외충격파치료,JDQ4MTg4MSM1MSMkMSMkMCMkOTkkMzgxMzUxIzMxIyQxIyQ3IyQ4MiQ0NjE0ODEjNTEjJDEjJDYjJDgz,서울석병원,21,병원,서울,송파구,SZ0840000,처치 및 수술료(근골)/체외충격파치료[근골격계질환],1091B020,체외충격파치료[근골격계질환],20250903,99991231,90000,180000
체외충격파치료,JDQ4MTg4MSM1MSMkMSMkMCMkOTkkMzgxMzUxIzQxIyQxIyQ3IyQ4MiQyNjEwMDIjNTEjJDEjJDIjJDgz,서울세계로병원,21,병원,서울,송파구,SZ0840000,처치 및 수술료(근골)/체외충격파치료[근골격계질환],1091B020,체외충격파치료[근골격계질환],20250903,99991231,50000,170000
체외충격파치료,JDQ4MTg4MSM1MSMkMSMkMCMkOTkkMzgxMzUxIzExIyQxIyQ3IyQ5MiQzNjE0ODEjNjEjJDEjJDgjJDgz,서울송도병원,21,병원,서울,중구,SZ0840000,처치 및 수술료(근골)/체외충격파치료[근골격계질환],1091B020,체외충격파치료[근골격계질환],20250903,99991231,30000,60000
체외충격파치료,JDQ4MTg4MSM1MSMkMSMkMCMkOTkkMzgxMzUxIzQxIyQyIyQ3IyQwMCQyNjE0ODEjNTEjJDEjJDIjJDgz,서울숭인병원,21,병원,서울,종로구,SZ0840000,처치 및 수술료(근골)/체외충격파치료[근골격계질환],1091B020,체외충격파치료[근골격계질환],20250903,99991231,100000,100000
체외충격파치료,JDQ4MTg4MSM1MSMkMSMkMCMkOTkkMzgxMzUxIzMxIyQxIyQzIyQ3MiQ0NjEwMDIjODEjJDEjJDIjJDgz,서울연세병원,21,병원,서울,마포구,SZ0840000,처치 및 수술료(근골)/체외충격파치료[근골격계질환],1091B020,체외충격파치료[근골격계질환],20250903,99991231,60000,140000
체외충격파치료,JDQ4MTg4MSM1MSMkMSMkMCMkOTkkMzgxMzUxIzQxIyQxIyQ3IyQ4MiQ0NjEwMDIjODEjJDEjJDIjJDgz,서울원병원,21,병원,서울,강서구,SZ0840000,처치 및 수술료(근골)/체외충격파치료[근골격계질환],1091B020,체외충격파치료[근골격계질환],20250903,99991231,70000,140000
체외충격파치료,JDQ4MTg4MSM1MSMkMSMkMCMkOTkkMzgxMzUxIzQxIyQxIyQ3IyQ3MiQzNjE0ODEjNDEjJDEjJDQjJDgz,서울유병원,21,병원,서울,강북구,SZ0840000,처치 및 수술료(근골)/체외충격파치료[근골격계질환],1091B020,체외충격파치료[근골격계질환],20250903,99991231,70000,100000
체외충격파치료,JDQ4MTg4MSM1MSMkMSMkMCMkOTkkMzgxMzUxIzIxIyQxIyQ1IyQ3OSQzNjEwMDIjNjEjJDEjJDgjJDgz,서울재활병원,21,병원,서울,은평구,SZ0840000,처치 및 수술료(근골)/체외충격파치료[근골격계질환],1091B020,체외충격파치료[근골격계질환],20250903,99991231,45000,68000
체외충격파치료,JDQ4MTg4MSM1MSMkMSMkMCMkOTkkMzgxMzUxIzIxIyQxIyQ5IyQwMyQzNjEwMDIjNDEjJDEjJDgjJDgz,서울정병원,21,병원,서울,중랑구,SZ0840000,처치 및 수술료(근골)/체외충격파치료[근골격계질환],1091B020,체외충격파치료[근골격계질환],20251029,99991231,60000,150000
체외충격파치료,JDQ4MTg4MSM1MSMkMSMkMCMkOTkkMzgxMzUxIzMxIyQxIyQzIyQ5MiQyNjEyMjIjNjEjJDEjJDQjJDgz,서울척병원,21,병원,서울,성북구,SZ0840000,처치 및 수술료(근골)/체외충격파치료[근골격계질환],1091B020,체외충격파치료[근골격계질환],20250903,99991231,100000,160000
체외충격파치료,JDQ4MTg4MSM1MSMkMSMkMCMkOTkkMzgxMzUxIzQxIyQyIyQ3IyQwMCQyNjE4MzIjNzEjJDEjJDgjJDgz,서울큰나무병원,21,병원,서울,강서구,SZ0840000,처치 및 수술료(근골)/체외충격파치료[근골격계질환],1091B020,체외충격파치료[근골격계질환],20250903,99991231,10000,200000
체외충격파치료,JDQ4MTg4MSM1MSMkMSMkMCMkOTkkMzgxMzUxIzExIyQxIyQzIyQ5OSQzNjE4MzIjODEjJDEjJDIjJDgz,서울특별시서북병원,21,병원,서울,은평구,SZ0840000,처치 및 수술료(근골)/체외충격파치료[근골격계질환],1091B020,체외충격파치료[근골격계질환],20250915,99991231,40480,40480
체외충격파치료,JDQ4MTg4MSM1MSMkMSMkMCMkOTkkMzgxMzUxIzQxIyQxIyQ3IyQ2MiQzNjE4MzIjNzEjJDEjJDgjJDgz,서울프라임병원,21,병원,서울,광진구,SZ0840000,처치 및 수술료(근골)/체외충격파치료[근골격계질환],1091B020,체외충격파치료[근골격계질환],20250903,99991231,50000,50000
체외충격파치료,JDQ4MTg4MSM1MSMkMSMkMCMkOTkkMzgxMzUxIzQxIyQxIyQ3IyQwMyQzNjE4MzIjNjEjJDEjJDgjJDgz,서울필병원,21,병원,서울,강서구,SZ0840000,처치 및 수술료(근골)/체외충격파치료[근골격계질환],1091B020,체외충격파치료[근골격계질환],20250903,99991231,80000,150000
체외충격파치료,JDQ4MTg4MSM1MSMkMSMkMCMkOTkkMzgxMzUxIzQxIyQxIyQ3IyQ4OSQzNjEyMjIjNzEjJDEjJDgjJDgz,서재곤링커병원,21,병원,서울,송파구,SZ0840000,처치 및 수술료(근골)/체외충격파치료[근골격계질환],1091B020,체외충격파치료[근골격계질환],20250903,99991231,30000,250000
체외충격파치료,JDQ4MTg4MSM1MSMkMSMkMCMkOTkkMzgxMzUxIzMxIyQxIyQ3IyQ4OSQzNjEwMDIjNTEjJDEjJDIjJDgz,선수촌병원,21,병원,서울,송파구,SZ0840000,처치 및 수술료(근골)/체외충격파치료[근골격계질환],1091B020,체외충격파치료[근골격계질환],20250903,99991231,60000,180000
체외충격파치료,JDQ4MTg4MSM1MSMkMSMkMCMkOTkkMzgxMzUxIzMxIyQyIyQzIyQwMCQyNjE4MzIjNjEjJDEjJDAjJDgz,선한목자병원,21,병원,서울,강남구,SZ0840000,처치 및 수술료(근골)/체외충격파치료[근골격계질환],1091B020,체외충격파치료[근골격계질환],20251117,99991231,100000,200000
체외충격파치료,JDQ4MTg4MSM1MSMkMSMkMCMkOTkkMzgxMzUxIzMxIyQyIyQ3IyQwMCQzNjE4MzIjNTEjJDEjJDYjJDgz,세바른병원,21,병원,서울,서초구,SZ0840000,처치 및 수술료(근골)/체외충격파치료[근골격계질환],1091B020,체외충격파치료[근골격계질환],20250903,99991231,50000,200000
체외충격파치료,JDQ4MTg4MSM1MSMkMSMkMCMkOTkkMzgxMzUxIzQxIyQxIyQ3IyQ2MiQ0NjEwMDIjNTEjJDEjJDYjJDgz,세솟는정형외과병원,21,병원,서울,마포구,SZ0840000,처치 및 수술료(근골)/체외충격파치료[근골격계질환],1091B020,체외충격파치료[근골격계질환],20250903,99991231,40000,150000
체외충격파치료,JDQ4MTg4MSM1MSMkMSMkMCMkOTkkMzgxMzUxIzIxIyQxIyQ5IyQ5OSQyNjEwMDIjNjEjJDEjJDAjJDgz,솔병원,21,병원,서울,강서구,SZ0840000,처치 및 수술료(근골)/체외충격파치료[근골격계질환],1091B020,체외충격파치료[근골격계질환],20250903,99991231,90000,180000
체외충격파치료,JDQ4MTg4MSM1MSMkMSMkMCMkOTkkMzgxMzUxIzQxIyQxIyQ3IyQwMyQzNjEwMDIjNDEjJDEjJDQjJDgz,송파드림재활병원,21,병원,서울,송파구,SZ0840000,처치 및 수술료(근골)/체외충격파치료[근골격계질환],1091B020,체외충격파치료[근골격계질환],20250903,99991231,50000,110000
체외충격파치료,JDQ4MTg4MSM1MSMkMSMkMCMkOTkkMzgxMzUxIzQxIyQxIyQ3IyQ4MiQ0NjE0ODEjNDEjJDEjJDQjJDgz,신세계서울병원,21,병원,서울,영등포구,SZ0840000,처치 및 수술료(근골)/체외충격파치료[근골격계질환],1091B020,체외충격파치료[근골격계질환],20250903,99991231,70000,80000
체외충격파치료,JDQ4MTg4MSM1MSMkMSMkMCMkOTkkMzgxMzUxIzIxIyQxIyQ1IyQxMyQzNjEyMjIjNDEjJDEjJDQjJDgz,신일병원,21,병원,서울,강북구,SZ0840000,처치 및 수술료(근골)/체외충격파치료[근골격계질환],1091B020,체외충격파치료[근골격계질환],20250903,99991231,22000,22000
체외충격파치료,JDQ4MTg4MSM1MSMkMSMkMCMkOTkkMzgxMzUxIzIxIyQyIyQ1IyQwMCQyNjEwMDIjNjEjJDEjJDQjJDgz,신촌연세병원,21,병원,서울,마포구,SZ0840000,처치 및 수술료(근골)/체외충격파치료[근골격계질환],1091B020,체외충격파치료[근골격계질환],20250903,99991231,70000,70000
체외충격파치료,JDQ4MTg4MSM1MSMkMSMkMCMkOTkkMzgxMzUxIzMxIyQxIyQ3IyQ4MiQzNjE4MzIjNjEjJDEjJDQjJDgz,심정병원,21,병원,서울,관악구,SZ0840000,처치 및 수술료(근골)/체외충격파치료[근골격계질환],1091B020,체외충격파치료[근골격계질환],20250903,99991231,60000,140000
체외충격파치료,JDQ4MTg4MSM1MSMkMSMkMCMkOTkkMzgxMzUxIzMxIyQyIyQ3IyQwMCQ0NjEwMDIjNDEjJDEjJDQjJDgz,아름제일병원,21,병원,서울,구로구,SZ0840000,처치 및 수술료(근골)/체외충격파치료[근골격계질환],1091B020,체외충격파치료[근골격계질환],20260107,99991231,80000,240000
체외충격파치료,JDQ4MTg4MSM1MSMkMSMkMCMkOTkkMzgxMzUxIzIxIyQxIyQ5IyQwMyQyNjEyMjIjNjEjJDEjJDgjJDgz,아카시아병원,21,병원,서울,금천구,SZ0840000,처치 및 수술료(근골)/체외충격파치료[근골격계질환],1091B020,체외충격파치료[근골격계질환],20250903,99991231,100000,100000
체외충격파치료,JDQ4MTg4MSM1MSMkMSMkMCMkOTkkMzgxMzUxIzQxIyQxIyQ3IyQ3OSQzNjE4MzIjODEjJDEjJDIjJDgz,어울림병원,21,병원,서울,영등포구,SZ0840000,처치 및 수술료(근골)/체외충격파치료[근골격계질환],1091B020,체외충격파치료[근골격계질환],20250903,99991231,90000,160000
체외충격파치료,JDQ4MTg4MSM1MSMkMSMkMCMkOTkkMzgxMzUxIzQxIyQxIyQ3IyQ2MiQzNjE0ODEjNTEjJDEjJDIjJDgz,에스앤유서울병원,21,병원,서울,강서구,SZ0840000,처치 및 수술료(근골)/체외충격파치료[근골격계질환],1091B020,체외충격파치료[근골격계질환],20250903,99991231,70000,130000
체외충격파치료,JDQ4MTg4MSM1MSMkMSMkMCMkOTkkMzgxMzUxIzMxIyQxIyQ3IyQ3MiQzNjEwMDIjNDEjJDEjJDgjJDgz,연세건우병원,21,병원,서울,관악구,SZ0840000,처치 및 수술료(근골)/체외충격파치료[근골격계질환],1091B020,체외충격파치료[근골격계질환],20250903,99991231,40000,170000
체외충격파치료,JDQ4MTg4MSM1MSMkMSMkMCMkOTkkMzgxMzUxIzMxIyQxIyQzIyQ3MiQzNjE4MzIjNDEjJDEjJDgjJDgz,연세무척나은병원,21,병원,서울,광진구,SZ0840000,처치 및 수술료(근골)/체외충격파치료[근골격계질환],1091B020,체외충격파치료[근골격계질환],20250903,99991231,90000,180000
체외충격파치료,JDQ4MTg4MSM1MSMkMSMkMCMkOTkkMzgxMzUxIzQxIyQxIyQ3IyQ2MiQ0NjE0ODEjNjEjJDEjJDQjJDgz,연세바로척병원,21,병원,서울,성동구,SZ0840000,처치 및 수술료(근골)/체외충격파치료[근골격계질환],1091B020,체외충격파치료[근골격계질환],20250903,99991231,70000,120000
체외충격파치료,JDQ4MTg4MSM1MSMkMSMkMCMkOTkkMzgxMzUxIzMxIyQxIyQzIyQ3MiQzNjE0ODEjNzEjJDEjJDgjJDgz,연세바른병원,21,병원,서울,동작구,SZ0840000,처치 및 수술료(근골)/체외충격파치료[근골격계질환],1091B020,체외충격파치료[근골격계질환],20250903,99991231,80000,100000
체외충격파치료,JDQ4MTg4MSM1MSMkMSMkMCMkOTkkMzgxMzUxIzMxIyQxIyQzIyQ3OSQyNjE0ODEjODEjJDEjJDIjJDgz,연세사랑병원,21,병원,서울,서초구,SZ0840000,처치 및 수술료(근골)/체외충격파치료[근골격계질환],1091B020,체외충격파치료[근골격계질환],20250903,99991231,100000,170000
체외충격파치료,JDQ4MTg4MSM1MSMkMSMkMCMkOTkkMzgxMzUxIzQxIyQxIyQ3IyQwMyQyNjEyMjIjNjEjJDEjJDQjJDgz,연세산돌병원,21,병원,서울,중랑구,SZ0840000,처치 및 수술료(근골)/체외충격파치료[근골격계질환],1091B020,체외충격파치료[근골격계질환],20250903,99991231,40000,190000
체외충격파치료,JDQ4MTg4MSM1MSMkMSMkMCMkOTkkMzgxMzUxIzQxIyQxIyQ3IyQwMyQyNjEwMDIjNzEjJDEjJDgjJDgz,연세우리병원,21,병원,서울,송파구,SZ0840000,처치 및 수술료(근골)/체외충격파치료[근골격계질환],1091B020,체외충격파치료[근골격계질환],20250903,99991231,50000,220000
체외충격파치료,JDQ4MTg4MSM1MSMkMSMkMCMkOTkkMzgxMzUxIzQxIyQxIyQ3IyQ5OSQzNjEyMjIjNjEjJDEjJDAjJDgz,연세한강병원,21,병원,서울,마포구,SZ0840000,처치 및 수술료(근골)/체외충격파치료[근골격계질환],1091B020,체외충격파치료[근골격계질환],20250903,99991231,110000,180000
체외충격파치료,JDQ4MTg4MSM1MSMkMSMkMCMkOTkkMzgxMzUxIzMxIyQxIyQ3IyQ3MiQyNjE4MzIjNjEjJDEjJDQjJDgz,예스병원,21,병원,서울,구로구,SZ0840000,처치 및 수술료(근골)/체외충격파치료[근골격계질환],1091B020,체외충격파치료[근골격계질환],20250903,99991231,80000,300000
체외충격파치료,JDQ4MTg4MSM1MSMkMSMkMCMkOTkkMzgxMzUxIzQxIyQyIyQ3IyQwMCQyNjEyMjIjODEjJDEjJDYjJDgz,올바로병원,21,병원,서울,서초구,SZ0840000,처치 및 수술료(근골)/체외충격파치료[근골격계질환],1091B020,체외충격파치료[근골격계질환],20250903,99991231,60000,150000
체외충격파치료,JDQ4MTg4MSM1MSMkMSMkMCMkOTkkMzgxMzUxIzMxIyQxIyQ3IyQxMyQzNjEwMDIjNDEjJDEjJDgjJDgz,올바른서울병원,21,병원,서울,강동구,SZ0840000,처치 및 수술료(근골)/체외충격파치료[근골격계질환],1091B020,체외충격파치료[근골격계질환],20250903,99991231,100000,150000
체외충격파치료,JDQ4MTg4MSM1MSMkMSMkMCMkOTkkMzgxMzUxIzIxIyQxIyQ5IyQ5MiQ0NjE0ODEjODEjJDEjJDIjJDgz,올센병원,21,병원,서울,마포구,SZ0840000,처치 및 수술료(근골)/체외충격파치료[근골격계질환],1091B020,체외충격파치료[근골격계질환],20250903,99991231,50000,100000
체외충격파치료,JDQ4MTg4MSM1MSMkMSMkMCMkOTkkMzgxMzUxIzMxIyQxIyQzIyQxMyQyNjEwMDIjNDEjJDEjJDgjJDgz,원탑병원,21,병원,서울,강서구,SZ0840000,처치 및 수술료(근골)/체외충격파치료[근골격계질환],1091B020,체외충격파치료[근골격계질환],20250903,99991231,100000,150000
체외충격파치료,JDQ4MTg4MSM1MSMkMSMkMCMkOTkkMzgxMzUxIzIxIyQxIyQ1IyQxMyQ0NjEwMDIjNjEjJDEjJDAjJDgz,웰튼병원,21,병원,서울,강서구,SZ0840000,처치 및 수술료(근골)/체외충격파치료[근골격계질환],1091B020,체외충격파치료[근골격계질환],20250903,99991231,60000,120000
체외충격파치료,JDQ4MTg4MSM1MSMkMSMkMCMkOTkkMzgxMzUxIzQxIyQxIyQ3IyQ4MiQzNjEwMDIjNjEjJDEjJDQjJDgz,위비앙병원,21,병원,서울,마포구,SZ0840000,처치 및 수술료(근골)/체외충격파치료[근골격계질환],1091B020,체외충격파치료[근골격계질환],20250903,99991231,100000,100000
체외충격파치료,JDQ4MTg4MSM1MSMkMSMkMCMkOTkkMzgxMzUxIzIxIyQxIyQ5IyQ4MiQyNjE0ODEjNjEjJDEjJDQjJDgz,은평연세병원,21,병원,서울,은평구,SZ0840000,처치 및 수술료(근골)/체외충격파치료[근골격계질환],1091B020,체외충격파치료[근골격계질환],20250903,99991231,50000,100000
체외충격파치료,JDQ4MTg4MSM1MSMkMSMkMCMkOTkkMzgxMzUxIzMxIyQyIyQzIyQwMCQ0NjEwMDIjNTEjJDEjJDYjJDgz,의료법인 상원의료재단 강북힘찬병원,21,병원,서울,도봉구,SZ0840000,처치 및 수술료(근골)/체외충격파치료[근골격계질환],1091B020,체외충격파치료[근골격계질환],20250903,99991231,80000,240000
체외충격파치료,JDQ4MTg4MSM1MSMkMSMkMCMkOTkkMzgxMzUxIzQxIyQxIyQ3IyQ4MiQyNjE4MzIjODEjJDEjJDYjJDgz,의료법인 서울효천의료재단 에이치플러스재활자립병원,21,병원,서울,구로구,SZ0840000,처치 및 수술료(근골)/체외충격파치료[근골격계질환],1091B020,체외충격파치료[근골격계질환],20250910,99991231,55000,55000
체외충격파치료,JDQ4MTg4MSM1MSMkMSMkMCMkOTkkMzgxMzUxIzMxIyQxIyQ3IyQxMyQzNjE0ODEjNTEjJDEjJDIjJDgz,의료법인 성누가의료재단 성누가병원,21,병원,서울,은평구,SZ0840000,처치 및 수술료(근골)/체외충격파치료[근골격계질환],1091B020,체외충격파치료[근골격계질환],20250903,99991231,50000,100000
체외충격파치료,JDQ4MTg4MSM1MSMkMSMkMCMkOTkkMzgxMzUxIzExIyQxIyQzIyQ5MiQzNjEyMjIjNjEjJDEjJDgjJDgz,의료법인 우신향병원,21,병원,서울,성북구,SZ0840000,처치 및 수술료(근골)/체외충격파치료[근골격계질환],1091B020,체외충격파치료[근골격계질환],20250903,99991231,50000,200000
체외충격파치료,JDQ4MTg4MSM1MSMkMSMkMCMkOTkkMzgxMzUxIzExIyQxIyQ3IyQ5MiQyNjE0ODEjNTEjJDEjJDYjJDgz,의료법인 인봉의료재단 영등포병원,21,병원,서울,영등포구,SZ0840000,처치 및 수술료(근골)/체외충격파치료[근골격계질환],1091B020,체외충격파치료[근골격계질환],20250903,99991231,70000,70000
체외충격파치료,JDQ4MTg4MSM1MSMkMSMkMCMkOTkkMzgxMzUxIzIxIyQxIyQ1IyQ3MiQzNjE4MzIjODEjJDEjJDYjJDgz,의료법인 청해의료재단 제일병원,21,병원,서울,서초구,SZ0840000,처치 및 수술료(근골)/체외충격파치료[근골격계질환],1091B020,체외충격파치료[근골격계질환],20250903,99991231,50000,50000
체외충격파치료,JDQ4MTg4MSM1MSMkMSMkMCMkOTkkMzgxMzUxIzMxIyQxIyQzIyQ4MiQyNjEyMjIjODEjJDEjJDIjJDgz,의료법인 춘혜의료재단 명지춘혜재활병원,21,병원,서울,영등포구,SZ0840000,처치 및 수술료(근골)/체외충격파치료[근골격계질환],1091B020,체외충격파치료[근골격계질환],20250903,99991231,80000,100000
체외충격파치료,JDQ4MTg4MSM1MSMkMSMkMCMkOTkkMzgxMzUxIzIxIyQxIyQ5IyQ5OSQzNjEwMDIjNzEjJDEjJDgjJDgz,의료법인한국의료재단프라임병원,21,병원,서울,중랑구,SZ0840000,처치 및 수술료(근골)/체외충격파치료[근골격계질환],1091B020,체외충격파치료[근골격계질환],20250903,99991231,25000,100000
체외충격파치료,JDQ4MTg4MSM1MSMkMSMkMCMkOTkkMzgxMzUxIzIxIyQxIyQ5IyQ4OSQyNjE4MzIjNTEjJDEjJDYjJDgz,정동병원,21,병원,서울,동작구,SZ0840000,처치 및 수술료(근골)/체외충격파치료[근골격계질환],1091B020,체외충격파치료[근골격계질환],20250903,99991231,80000,130000
체외충격파치료,JDQ4MTg4MSM1MSMkMSMkMCMkOTkkMzgxMzUxIzMxIyQxIyQzIyQ5OSQyNjE4MzIjNzEjJDEjJDgjJDgz,제니스병원,21,병원,서울,광진구,SZ0840000,처치 및 수술료(근골)/체외충격파치료[근골격계질환],1091B020,체외충격파치료[근골격계질환],20250903,99991231,50000,150000
체외충격파치료,JDQ4MTg4MSM1MSMkMSMkMCMkOTkkMzgxMzUxIzMxIyQxIyQ3IyQ5OSQyNjE4MzIjNTEjJDEjJDYjJDgz,제일정형외과병원,21,병원,서울,강남구,SZ0840000,처치 및 수술료(근골)/체외충격파치료[근골격계질환],1091B020,체외충격파치료[근골격계질환],20251031,99991231,50000,200000
체외충격파치료,JDQ4MTg4MSM1MSMkMSMkMCMkOTkkMzgxMzUxIzMxIyQxIyQ3IyQ4MiQzNjEyMjIjNzEjJDEjJDgjJDgz,조앤조병원,21,병원,서울,중랑구,SZ0840000,처치 및 수술료(근골)/체외충격파치료[근골격계질환],1091B020,체외충격파치료[근골격계질환],20250903,99991231,50000,150000
체외충격파치료,JDQ4MTg4MSM1MSMkMSMkMCMkOTkkMzgxMzUxIzMxIyQxIyQ3IyQ3OSQzNjE0ODEjNzEjJDEjJDgjJDgz,조은마디병원,21,병원,서울,강동구,SZ0840000,처치 및 수술료(근골)/체외충격파치료[근골격계질환],1091B020,체외충격파치료[근골격계질환],20250903,99991231,80000,200000
체외충격파치료,JDQ4MTg4MSM1MSMkMSMkMCMkOTkkMzgxMzUxIzMxIyQxIyQ3IyQ2MiQyNjE0ODEjNTEjJDEjJDYjJDgz,조인트힐병원,21,병원,서울,관악구,SZ0840000,처치 및 수술료(근골)/체외충격파치료[근골격계질환],1091B020,체외충격파치료[근골격계질환],20251110,99991231,35000,100000
체외충격파치료,JDQ4MTg4MSM1MSMkMSMkMCMkOTkkMzgxMzUxIzQxIyQxIyQ3IyQ3OSQzNjEwMDIjNDEjJDEjJDgjJDgz,참바로병원,21,병원,서울,중구,SZ0840000,처치 및 수술료(근골)/체외충격파치료[근골격계질환],1091B020,체외충격파치료[근골격계질환],20251117,99991231,80000,150000
체외충격파치료,JDQ4MTg4MSM1MSMkMSMkMCMkOTkkMzgxMzUxIzMxIyQxIyQzIyQ5MiQ0NjE0ODEjNjEjJDEjJDAjJDgz,참튼튼병원,21,병원,서울,동대문구,SZ0840000,처치 및 수술료(근골)/체외충격파치료[근골격계질환],1091B020,체외충격파치료[근골격계질환],20250903,99991231,80000,80000
체외충격파치료,JDQ4MTg4MSM1MSMkMSMkMCMkOTkkMzgxMzUxIzQxIyQxIyQ3IyQ3MiQzNjEwMDIjODEjJDEjJDIjJDgz,참튼튼병원,21,병원,서울,구로구,SZ0840000,처치 및 수술료(근골)/체외충격파치료[근골격계질환],1091B020,체외충격파치료[근골격계질환],20250903,99991231,60000,90000
체외충격파치료,JDQ4MTg4MSM1MSMkMSMkMCMkOTkkMzgxMzUxIzMxIyQxIyQ3IyQ4OSQyNjEwMDIjNDEjJDEjJDQjJDgz,참포도나무병원,21,병원,서울,서초구,SZ0840000,처치 및 수술료(근골)/체외충격파치료[근골격계질환],1091B020,체외충격파치료[근골격계질환],20250903,99991231,70000,140000
체외충격파치료,JDQ4MTg4MSM1MSMkMSMkOCMkOTkkMzgxMzUxIzExIyQxIyQzIyQ3OSQyNjE4MzIjODEjJDEjJDIjJDgz,척바른병원,21,병원,서울,서초구,SZ0840000,처치 및 수술료(근골)/체외충격파치료[근골격계질환],1091B020,체외충격파치료[근골격계질환],20250903,99991231,70000,160000
체외충격파치료,JDQ4MTg4MSM1MSMkMSMkMCMkOTkkMzgxMzUxIzMxIyQyIyQ3IyQwMCQyNjE0ODEjNjEjJDEjJDgjJDgz,척편한병원,21,병원,서울,관악구,SZ0840000,처치 및 수술료(근골)/체외충격파치료[근골격계질환],1091B020,체외충격파치료[근골격계질환],20250903,99991231,70000,70000
체외충격파치료,JDQ4MTg4MSM1MSMkMSMkMCMkOTkkMzgxMzUxIzMxIyQxIyQ3IyQ5MiQzNjE4MzIjNTEjJDEjJDIjJDgz,청담병원,21,병원,서울,강남구,SZ0840000,처치 및 수술료(근골)/체외충격파치료[근골격계질환],1091B020,체외충격파치료[근골격계질환],20260109,99991231,55000,130000
체외충격파치료,JDQ4MTg4MSM1MSMkMSMkMCMkOTkkMzgxMzUxIzQxIyQxIyQ3IyQxMyQyNjE0ODEjNjEjJDEjJDgjJDgz,청담해리슨병원,21,병원,서울,강남구,SZ0840000,처치 및 수술료(근골)/체외충격파치료[근골격계질환],1091B020,체외충격파치료[근골격계질환],20250903,99991231,50000,160000
체외충격파치료,JDQ4MTg4MSM1MSMkMSMkMCMkOTkkMzgxMzUxIzIxIyQxIyQ5IyQ5MiQzNjEyMjIjNDEjJDEjJDgjJDgz,청병원,21,병원,서울,강동구,SZ0840000,처치 및 수술료(근골)/체외충격파치료[근골격계질환],1091B020,체외충격파치료[근골격계질환],20250903,99991231,70000,130000
체외충격파치료,JDQ4MTg4MSM1MSMkMSMkMCMkOTkkMzgxMzUxIzMxIyQxIyQ3IyQ4MiQyNjE4MzIjNTEjJDEjJDIjJDgz,최원호병원,21,병원,서울,은평구,SZ0840000,처치 및 수술료(근골)/체외충격파치료[근골격계질환],1091B020,체외충격파치료[근골격계질환],20250903,99991231,60000,100000
체외충격파치료,JDQ4MTg4MSM1MSMkMSMkMCMkOTkkMzgxMzUxIzIxIyQxIyQxIyQxMyQyNjE0ODEjNjEjJDEjJDAjJDgz,코리아병원,21,병원,서울,동대문구,SZ0840000,처치 및 수술료(근골)/체외충격파치료[근골격계질환],1091B020,체외충격파치료[근골격계질환],20250903,99991231,100000,100000
체외충격파치료,JDQ4MTg4MSM1MSMkMSMkMCMkOTkkMzgxMzUxIzQxIyQxIyQ3IyQxMyQyNjEwMDIjNjEjJDEjJDAjJDgz,트리니티병원,21,병원,서울,강남구,SZ0840000,처치 및 수술료(근골)/체외충격파치료[근골격계질환],1091B020,체외충격파치료[근골격계질환],20250903,99991231,15000,30000
체외충격파치료,JDQ4MTg4MSM1MSMkMSMkMCMkOTkkMzgxMzUxIzMxIyQxIyQzIyQ2MiQzNjEwMDIjODEjJDEjJDIjJDgz,튼튼병원,21,병원,서울,강남구,SZ0840000,처치 및 수술료(근골)/체외충격파치료[근골격계질환],1091B020,체외충격파치료[근골격계질환],20250903,99991231,80000,80000
체외충격파치료,JDQ4MTg4MSM1MSMkMSMkMCMkOTkkMzgxMzUxIzMxIyQxIyQ3IyQ2MiQzNjE0ODEjNjEjJDEjJDgjJDgz,팔팔병원,21,병원,서울,중랑구,SZ0840000,처치 및 수술료(근골)/체외충격파치료[근골격계질환],1091B020,체외충격파치료[근골격계질환],20250903,99991231,70000,70000
체외충격파치료,JDQ4MTg4MSM1MSMkMSMkMCMkOTkkMzgxMzUxIzMxIyQxIyQzIyQxMyQ0NjE0ODEjODEjJDEjJDYjJDgz,포그니병원,21,병원,서울,구로구,SZ0840000,처치 및 수술료(근골)/체외충격파치료[근골격계질환],1091B020,체외충격파치료[근골격계질환],20250903,99991231,50000,100000
체외충격파치료,JDQ4MTg4MSM1MSMkMSMkMCMkOTkkMzgxMzUxIzIxIyQxIyQ1IyQ5OSQzNjE0ODEjNTEjJDEjJDIjJDgz,핑크힐병원,21,병원,서울,강서구,SZ0840000,처치 및 수술료(근골)/체외충격파치료[근골격계질환],1091B020,체외충격파치료[근골격계질환],20250903,99991231,100000,100000
체외충격파치료,JDQ4MTg4MSM1MSMkMSMkMCMkOTkkMzgxMzUxIzMxIyQxIyQ3IyQ4OSQzNjEyMjIjNDEjJDEjJDgjJDgz,하늘병원,21,병원,서울,동대문구,SZ0840000,처치 및 수술료(근골)/체외충격파치료[근골격계질환],1091B020,체외충격파치료[근골격계질환],20250903,99991231,50000,75000
체외충격파치료,JDQ4MTg4MSM1MSMkMSMkMCMkOTkkMzgxMzUxIzQxIyQxIyQ3IyQ4OSQyNjEyMjIjNjEjJDEjJDAjJDgz,한강수병원,21,병원,서울,영등포구,SZ0840000,처치 및 수술료(근골)/체외충격파치료[근골격계질환],1091B020,체외충격파치료[근골격계질환],20250903,99991231,100000,150000
체외충격파치료,JDQ4MTg4MSM1MSMkMSMkMCMkOTkkMzgxMzUxIzMxIyQxIyQ3IyQwMyQzNjEwMDIjNTEjJDEjJDYjJDgz,허리나은병원,21,병원,서울,강동구,SZ0840000,처치 및 수술료(근골)/체외충격파치료[근골격계질환],1091B020,체외충격파치료[근골격계질환],20251031,99991231,80000,300000
체외충격파치료,JDQ4MTg4MSM1MSMkMSMkNCMkOTkkMzgxMzUxIzExIyQxIyQzIyQ3OSQyNjEwMDIjODEjJDEjJDIjJDgz,힘찬병원,21,병원,서울,양천구,SZ0840000,처치 및 수술료(근골)/체외충격파치료[근골격계질환],1091B020,체외충격파치료[근골격계질환],20250903,99991231,50000,250000
체외충격파치료,JDQ4MTg4MSM1MSMkMSMkMCMkOTkkNTgxMzUxIzIxIyQxIyQxIyQ5OSQyNjE4MzIjNDEjJDEjJDgjJDgz,더서밋요양병원,28,요양병원,서울,강서구,SZ0840000,처치 및 수술료(근골)/체외충격파치료[근골격계질환],1091B020,체외충격파치료[근골격계질환],20250903,99991231,30000,130000
체외충격파치료,JDQ4MTg4MSM1MSMkMSMkMCMkOTkkNTgxMzUxIzExIyQxIyQ3IyQ2MiQzNjEwMDIjNjEjJDEjJDgjJDgz,동서요양병원,28,요양병원,서울,성북구,SZ0840000,처치 및 수술료(근골)/체외충격파치료[근골격계질환],1091B020,체외충격파치료[근골격계질환],20251110,99991231,60000,100000
체외충격파치료,JDQ4MTg4MSM1MSMkMSMkMCMkOTkkNTgxMzUxIzIxIyQxIyQxIyQ3MiQyNjE4MzIjNTEjJDEjJDYjJDgz,서초프라임요양병원,28,요양병원,서울,서초구,SZ0840000,처치 및 수술료(근골)/체외충격파치료[근골격계질환],1091B020,체외충격파치료[근골격계질환],20260126,99991231,100000,220000
체외충격파치료,JDQ4MTg4MSM1MSMkMSMkMCMkOTkkNTgxMzUxIzIxIyQxIyQxIyQ2MiQyNjE4MzIjNjEjJDEjJDgjJDgz,에스엠씨요양병원,28,요양병원,서울,마포구,SZ0840000,처치 및 수술료(근골)/체외충격파치료[근골격계질환],1091B020,체외충격파치료[근골격계질환],20250903,99991231,40000,40000
체외충격파치료,JDQ4MTg4MSM1MSMkMSMkMCMkOTkkNTgxMzUxIzIxIyQxIyQ1IyQ4OSQyNjEyMjIjNTEjJDEjJDIjJDgz,한걸음요양병원,28,요양병원,서울,중랑구,SZ0840000,처치 및 수술료(근골)/체외충격파치료[근골격계질환],1091B020,체외충격파치료[근골격계질환],20250903,99991231,30000,30000
체외충격파치료,JDQ4MTg4MSM1MSMkMSMkMCMkMTMkMzgxMTkxIzExIyQxIyQ3IyQxMyQzNjEwMDIjNDEjJDEjJDgjJDgz,365다시재한방병원,92,한방병원,서울,송파구,SZ0840000,처치 및 수술료(근골)/체외충격파치료[근골격계질환],1091B020,체외충격파치료[근골격계질환],20250903,99991231,60000,100000
체외충격파치료,JDQ4MTg4MSM1MSMkMSMkMCMkMTMkMzgxMTkxIzExIyQxIyQ3IyQxMyQyNjE4MzIjNjEjJDEjJDQjJDgz,365매일한방병원,92,한방병원,서울,동대문구,SZ0840000,처치 및 수술료(근골)/체외충격파치료[근골격계질환],1091B020,체외충격파치료[근골격계질환],20250903,99991231,50000,50000
체외충격파치료,JDQ4MTg4MSM1MSMkMSMkMCMkMTMkMzgxMTkxIzIxIyQxIyQxIyQ2MiQyNjE0ODEjNDEjJDEjJDgjJDgz,365매일한방병원,92,한방병원,서울,강북구,SZ0840000,처치 및 수술료(근골)/체외충격파치료[근골격계질환],1091B020,체외충격파치료[근골격계질환],20251031,99991231,50000,50000
체외충격파치료,JDQ4MTg4MSM1MSMkMSMkMCMkMTMkMzgxMTkxIzIxIyQxIyQxIyQ5OSQyNjEyMjIjNTEjJDEjJDIjJDgz,강동기운찬한방병원,92,한방병원,서울,강동구,SZ0840000,처치 및 수술료(근골)/체외충격파치료[근골격계질환],1091B020,체외충격파치료[근골격계질환],20250903,99991231,40000,160000
체외충격파치료,JDQ4MTg4MSM1MSMkMSMkMCMkMTMkMzgxMTkxIzExIyQxIyQzIyQxMyQzNjEyMjIjNTEjJDEjJDYjJDgz,강동한방병원,92,한방병원,서울,강동구,SZ0840000,처치 및 수술료(근골)/체외충격파치료[근골격계질환],1091B020,체외충격파치료[근골격계질환],20250903,99991231,80000,80000
체외충격파치료,JDQ4MTg4MSM1MSMkMSMkMCMkMTMkMzgxMTkxIzIxIyQxIyQxIyQ4OSQzNjEyMjIjODEjJDEjJDIjJDgz,강서365한방병원,92,한방병원,서울,강서구,SZ0840000,처치 및 수술료(근골)/체외충격파치료[근골격계질환],1091B020,체외충격파치료[근골격계질환],20250903,99991231,50000,170000
체외충격파치료,JDQ4MTg4MSM1MSMkMSMkMCMkMTMkMzgxMTkxIzExIyQxIyQ3IyQwMyQzNjEwMDIjNjEjJDEjJDAjJDgz,강서수한방병원,92,한방병원,서울,강서구,SZ0840000,처치 및 수술료(근골)/체외충격파치료[근골격계질환],1091B020,체외충격파치료[근골격계질환],20250903,99991231,60000,100000
체외충격파치료,JDQ4MTg4MSM1MSMkMSMkMCMkMTMkMzgxMTkxIzExIyQxIyQ3IyQ5MiQzNjEyMjIjNjEjJDEjJDQjJDgz,경동한방병원,92,한방병원,서울,중랑구,SZ0840000,처치 및 수술료(근골)/체외충격파치료[근골격계질환],1091B020,체외충격파치료[근골격계질환],20250903,99991231,40000,70000
체외충격파치료,JDQ4MTg4MSM1MSMkMSMkMCMkMTMkMzgxMTkxIzExIyQxIyQ3IyQxMyQ0NjEwMDIjNjEjJDEjJDAjJDgz,경희생생한방병원,92,한방병원,서울,광진구,SZ0840000,처치 및 수술료(근골)/체외충격파치료[근골격계질환],1091B020,체외충격파치료[근골격계질환],20250903,99991231,60000,150000
체외충격파치료,JDQ4MTg4MSM1MSMkMSMkMCMkMTMkMzgxMTkxIzIxIyQxIyQxIyQ5OSQzNjEwMDIjNzEjJDEjJDgjJDgz,경희우리한방병원,92,한방병원,서울,영등포구,SZ0840000,처치 및 수술료(근골)/체외충격파치료[근골격계질환],1091B020,체외충격파치료[근골격계질환],20250903,99991231,120000,120000
체외충격파치료,JDQ4MTg4MSM1MSMkMSMkMCMkMTMkMzgxMTkxIzIxIyQxIyQxIyQ3OSQ0NjE0ODEjNzEjJDEjJDgjJDgz,경희황소한방병원,92,한방병원,서울,강북구,SZ0840000,처치 및 수술료(근골)/체외충격파치료[근골격계질환],1091B020,체외충격파치료[근골격계질환],20250903,99991231,50000,80000
체외충격파치료,JDQ4MTg4MSM1MSMkMSMkMCMkMTMkMzgxMTkxIzIxIyQxIyQxIyQ5OSQyNjE4MzIjNDEjJDEjJDgjJDgz,광덕안정한방병원,92,한방병원,서울,서초구,SZ0840000,처치 및 수술료(근골)/체외충격파치료[근골격계질환],1091B020,체외충격파치료[근골격계질환],20250903,99991231,50000,260000
체외충격파치료,JDQ4MTg4MSM1MSMkMSMkMCMkMTMkMzgxMTkxIzExIyQxIyQzIyQ4OSQyNjEwMDIjNjEjJDEjJDAjJDgz,구로한방병원,92,한방병원,서울,금천구,SZ0840000,처치 및 수술료(근골)/체외충격파치료[근골격계질환],1091B020,체외충격파치료[근골격계질환],20250903,99991231,30000,120000
체외충격파치료,JDQ4MTg4MSM1MSMkMSMkMCMkMTMkMzgxMTkxIzIxIyQyIyQxIyQwMCQ0NjE0ODEjODEjJDEjJDYjJDgz,금천한방병원,92,한방병원,서울,금천구,SZ0840000,처치 및 수술료(근골)/체외충격파치료[근골격계질환],1091B020,체외충격파치료[근골격계질환],20251117,99991231,70000,150000
체외충격파치료,JDQ4MTg4MSM1MSMkMSMkMCMkMTMkMzgxMTkxIzExIyQyIyQ3IyQwMCQyNjEyMjIjNTEjJDEjJDYjJDgz,기분좋은한방병원,92,한방병원,서울,동작구,SZ0840000,처치 및 수술료(근골)/체외충격파치료[근골격계질환],1091B020,체외충격파치료[근골격계질환],20250903,99991231,80000,150000
체외충격파치료,JDQ4MTg4MSM1MSMkMSMkMCMkMTMkMzgxMTkxIzExIyQxIyQ3IyQ5OSQyNjE4MzIjNjEjJDEjJDAjJDgz,노원자생한방병원,92,한방병원,서울,노원구,SZ0840000,처치 및 수술료(근골)/체외충격파치료[근골격계질환],1091B020,체외충격파치료[근골격계질환],20250903,99991231,42000,120000
체외충격파치료,JDQ4MTg4MSM1MSMkMSMkMCMkMTMkMzgxMTkxIzExIyQxIyQ3IyQ4MiQ0NjEwMDIjNTEjJDEjJDIjJDgz,대윤한방병원,92,한방병원,서울,영등포구,SZ0840000,처치 및 수술료(근골)/체외충격파치료[근골격계질환],1091B020,체외충격파치료[근골격계질환],20250903,99991231,70000,130000
체외충격파치료,JDQ4MTg4MSM1MSMkMSMkMCMkMTMkMzgxMTkxIzExIyQxIyQ3IyQ4MiQ0NjE0ODEjNjEjJDEjJDAjJDgz,대전대학교서울한방병원,92,한방병원,서울,송파구,SZ0840000,처치 및 수술료(근골)/체외충격파치료[근골격계질환],1091B020,체외충격파치료[근골격계질환],20250903,99991231,70000,120000
체외충격파치료,JDQ4MTg4MSM1MSMkMSMkMCMkMTMkMzgxMTkxIzExIyQxIyQ3IyQ4MiQzNjEyMjIjODEjJDEjJDIjJDgz,더웰샘한방병원,92,한방병원,서울,관악구,SZ0840000,처치 및 수술료(근골)/체외충격파치료[근골격계질환],1091B020,체외충격파치료[근골격계질환],20250903,99991231,50000,100000
체외충격파치료,JDQ4MTg4MSM1MSMkMSMkMCMkMTMkMzgxMTkxIzIxIyQxIyQxIyQ4OSQyNjEwMDIjNzEjJDEjJDgjJDgz,리봄한방병원,92,한방병원,서울,강남구,SZ0840000,처치 및 수술료(근골)/체외충격파치료[근골격계질환],1091B020,체외충격파치료[근골격계질환],20250903,99991231,60000,100000
체외충격파치료,JDQ4MTg4MSM1MSMkMSMkMCMkMTMkMzgxMTkxIzIxIyQyIyQxIyQwMCQyNjEyMjIjNDEjJDEjJDQjJDgz,리솜한방병원,92,한방병원,서울,금천구,SZ0840000,처치 및 수술료(근골)/체외충격파치료[근골격계질환],1091B020,체외충격파치료[근골격계질환],20250903,99991231,50000,50000
체외충격파치료,JDQ4MTg4MSM1MSMkMSMkMCMkMTMkMzgxMTkxIzIxIyQxIyQxIyQ5OSQ0NjEwMDIjNDEjJDEjJDQjJDgz,리움한방병원,92,한방병원,서울,강동구,SZ0840000,처치 및 수술료(근골)/체외충격파치료[근골격계질환],1091B020,체외충격파치료[근골격계질환],20250903,99991231,80000,160000
체외충격파치료,JDQ4MTg4MSM1MSMkMSMkMCMkMTMkMzgxMTkxIzIxIyQxIyQxIyQ3OSQzNjEwMDIjNTEjJDEjJDIjJDgz,리움한방병원,92,한방병원,서울,종로구,SZ0840000,처치 및 수술료(근골)/체외충격파치료[근골격계질환],1091B020,체외충격파치료[근골격계질환],20250903,99991231,80000,160000
체외충격파치료,JDQ4MTg4MSM1MSMkMSMkMCMkMTMkMzgxMTkxIzIxIyQyIyQxIyQwMCQzNjEyMjIjNTEjJDEjJDIjJDgz,마포척한방병원,92,한방병원,서울,마포구,SZ0840000,처치 및 수술료(근골)/체외충격파치료[근골격계질환],1091B020,체외충격파치료[근골격계질환],20251024,99991231,70000,150000
체외충격파치료,JDQ4MTg4MSM1MSMkMSMkMCMkMTMkMzgxMTkxIzExIyQxIyQ3IyQ5MiQzNjEwMDIjNzEjJDEjJDgjJDgz,메디람한방병원,92,한방병원,서울,마포구,SZ0840000,처치 및 수술료(근골)/체외충격파치료[근골격계질환],1091B020,체외충격파치료[근골격계질환],20250903,99991231,70000,70000
체외충격파치료,JDQ4MTg4MSM1MSMkMSMkMCMkMTMkMzgxMTkxIzExIyQxIyQ3IyQxMyQzNjE0ODEjNTEjJDEjJDYjJDgz,면력한방병원,92,한방병원,서울,강서구,SZ0840000,처치 및 수술료(근골)/체외충격파치료[근골격계질환],1091B020,체외충격파치료[근골격계질환],20250903,99991231,50000,100000
체외충격파치료,JDQ4MTg4MSM1MSMkMSMkMCMkMTMkMzgxMTkxIzExIyQxIyQ3IyQ4OSQyNjEwMDIjNDEjJDEjJDgjJDgz,모커리한방병원,92,한방병원,서울,서초구,SZ0840000,처치 및 수술료(근골)/체외충격파치료[근골격계질환],1091B020,체외충격파치료[근골격계질환],20250903,99991231,20000,200000
체외충격파치료,JDQ4MTg4MSM1MSMkMSMkMCMkMTMkMzgxMTkxIzExIyQxIyQ3IyQ5OSQzNjE0ODEjNTEjJDEjJDIjJDgz,목동자생한방병원,92,한방병원,서울,양천구,SZ0840000,처치 및 수술료(근골)/체외충격파치료[근골격계질환],1091B020,체외충격파치료[근골격계질환],20250903,99991231,54100,100000
체외충격파치료,JDQ4MTg4MSM1MSMkMSMkMCMkMTMkMzgxMTkxIzExIyQxIyQ3IyQ5MiQ0NjE0ODEjNDEjJDEjJDgjJDgz,무척바른한방병원,92,한방병원,서울,강서구,SZ0840000,처치 및 수술료(근골)/체외충격파치료[근골격계질환],1091B020,체외충격파치료[근골격계질환],20250903,99991231,57000,168900
체외충격파치료,JDQ4MTg4MSM1MSMkMSMkMCMkMTMkMzgxMTkxIzExIyQxIyQ3IyQxMyQzNjEyMjIjNDEjJDEjJDQjJDgz,미올한방병원,92,한방병원,서울,관악구,SZ0840000,처치 및 수술료(근골)/체외충격파치료[근골격계질환],1091B020,체외충격파치료[근골격계질환],20250903,99991231,50000,100000
체외충격파치료,JDQ4MTg4MSM1MSMkMSMkMCMkMTMkMzgxMTkxIzIxIyQxIyQxIyQ3OSQyNjEyMjIjODEjJDEjJDIjJDgz,바른지성한방병원,92,한방병원,서울,양천구,SZ0840000,처치 및 수술료(근골)/체외충격파치료[근골격계질환],1091B020,체외충격파치료[근골격계질환],20250903,99991231,40000,160000
체외충격파치료,JDQ4MTg4MSM1MSMkMSMkMCMkMTMkMzgxMTkxIzIxIyQxIyQxIyQ4OSQyNjEyMjIjNjEjJDEjJDQjJDgz,바를정한방병원,92,한방병원,서울,관악구,SZ0840000,처치 및 수술료(근골)/체외충격파치료[근골격계질환],1091B020,체외충격파치료[근골격계질환],20250903,99991231,50000,80000
체외충격파치료,JDQ4MTg4MSM1MSMkMSMkMCMkMTMkMzgxMTkxIzExIyQxIyQ3IyQ5MiQ0NjEwMDIjNDEjJDEjJDQjJDgz,보금한방병원,92,한방병원,서울,강서구,SZ0840000,처치 및 수술료(근골)/체외충격파치료[근골격계질환],1091B020,체외충격파치료[근골격계질환],20250903,99991231,50000,50000
체외충격파치료,JDQ4MTg4MSM1MSMkMSMkMCMkMTMkMzgxMTkxIzExIyQxIyQ3IyQ2MiQzNjE0ODEjNzEjJDEjJDgjJDgz,보라매자생한방병원,92,한방병원,서울,동작구,SZ0840000,처치 및 수술료(근골)/체외충격파치료[근골격계질환],1091B020,체외충격파치료[근골격계질환],20251022,99991231,40000,150000
체외충격파치료,JDQ4MTg4MSM1MSMkMSMkMCMkMTMkMzgxMTkxIzExIyQxIyQ3IyQwMyQyNjE4MzIjODEjJDEjJDIjJDgz,봄담한방병원,92,한방병원,서울,강동구,SZ0840000,처치 및 수술료(근골)/체외충격파치료[근골격계질환],1091B020,체외충격파치료[근골격계질환],20250903,99991231,30000,50000
체외충격파치료,JDQ4MTg4MSM1MSMkMSMkMCMkMTMkMzgxMTkxIzExIyQxIyQ3IyQwMyQyNjEyMjIjNDEjJDEjJDQjJDgz,서울미르한방병원,92,한방병원,서울,노원구,SZ0840000,처치 및 수술료(근골)/체외충격파치료[근골격계질환],1091B020,체외충격파치료[근골격계질환],20250903,99991231,50000,50000
체외충격파치료,JDQ4MTg4MSM1MSMkMSMkMCMkMTMkMzgxMTkxIzExIyQxIyQ3IyQ4MiQzNjE4MzIjNjEjJDEjJDgjJDgz,서울제일한방병원,92,한방병원,서울,노원구,SZ0840000,처치 및 수술료(근골)/체외충격파치료[근골격계질환],1091B020,체외충격파치료[근골격계질환],20250903,99991231,70000,170000
체외충격파치료,JDQ4MTg4MSM1MSMkMSMkMCMkMTMkMzgxMTkxIzIxIyQxIyQxIyQ3OSQyNjEwMDIjNDEjJDEjJDQjJDgz,성북미올한방병원,92,한방병원,서울,성북구,SZ0840000,처치 및 수술료(근골)/체외충격파치료[근골격계질환],1091B020,체외충격파치료[근골격계질환],20250903,99991231,40000,130000
체외충격파치료,JDQ4MTg4MSM1MSMkMSMkMCMkMTMkMzgxMTkxIzExIyQxIyQ3IyQxMyQyNjE0ODEjNDEjJDEjJDgjJDgz,소우주한방병원,92,한방병원,서울,강남구,SZ0840000,처치 및 수술료(근골)/체외충격파치료[근골격계질환],1091B020,체외충격파치료[근골격계질환],20250903,99991231,100000,100000
체외충격파치료,JDQ4MTg4MSM1MSMkMSMkMCMkMTMkMzgxMTkxIzIxIyQxIyQxIyQ2MiQyNjEwMDIjODEjJDEjJDYjJDgz,솔빛한방병원,92,한방병원,서울,양천구,SZ0840000,처치 및 수술료(근골)/체외충격파치료[근골격계질환],1091B020,체외충격파치료[근골격계질환],20251104,99991231,90000,200000
체외충격파치료,JDQ4MTg4MSM1MSMkMSMkMCMkMTMkMzgxMTkxIzIxIyQxIyQxIyQ5OSQzNjE4MzIjNTEjJDEjJDYjJDgz,아나파한방병원,92,한방병원,서울,구로구,SZ0840000,처치 및 수술료(근골)/체외충격파치료[근골격계질환],1091B020,체외충격파치료[근골격계질환],20250903,99991231,50000,50000
체외충격파치료,JDQ4MTg4MSM1MSMkMSMkMCMkMTMkMzgxMTkxIzExIyQxIyQ3IyQxMyQzNjE4MzIjODEjJDEjJDIjJDgz,영등포봄한방병원,92,한방병원,서울,영등포구,SZ0840000,처치 및 수술료(근골)/체외충격파치료[근골격계질환],1091B020,체외충격파치료[근골격계질환],20250903,99991231,70000,70000
체외충격파치료,JDQ4MTg4MSM1MSMkMSMkMCMkMTMkMzgxMTkxIzExIyQxIyQ3IyQwMyQzNjEyMjIjNTEjJDEjJDIjJDgz,오석한방병원,92,한방병원,서울,광진구,SZ0840000,처치 및 수술료(근골)/체외충격파치료[근골격계질환],1091B020,체외충격파치료[근골격계질환],20250903,99991231,60000,120000
체외충격파치료,JDQ4MTg4MSM1MSMkMSMkMCMkMTMkMzgxMTkxIzExIyQxIyQ3IyQ3MiQzNjE0ODEjNjEjJDEjJDAjJDgz,와봄한방병원,92,한방병원,서울,양천구,SZ0840000,처치 및 수술료(근골)/체외충격파치료[근골격계질환],1091B020,체외충격파치료[근골격계질환],20250903,99991231,70000,150000
체외충격파치료,JDQ4MTg4MSM1MSMkMSMkMCMkMTMkMzgxMTkxIzIxIyQyIyQxIyQwMCQyNjE4MzIjODEjJDEjJDIjJDgz,우모한방병원,92,한방병원,서울,강남구,SZ0840000,처치 및 수술료(근골)/체외충격파치료[근골격계질환],1091B020,체외충격파치료[근골격계질환],20250903,99991231,80000,80000
체외충격파치료,JDQ4MTg4MSM1MSMkMSMkMCMkMTMkMzgxMTkxIzExIyQxIyQ3IyQxMyQyNjEyMjIjNzEjJDEjJDgjJDgz,은평포레스트한방병원,92,한방병원,서울,은평구,SZ0840000,처치 및 수술료(근골)/체외충격파치료[근골격계질환],1091B020,체외충격파치료[근골격계질환],20250903,99991231,150000,150000
체외충격파치료,JDQ4MTg4MSM1MSMkMSMkMCMkMTMkMzgxMTkxIzExIyQxIyQzIyQwMyQyNjEyMjIjNTEjJDEjJDYjJDgz,의료법인해인의료재단 동신한방병원,92,한방병원,서울,양천구,SZ0840000,처치 및 수술료(근골)/체외충격파치료[근골격계질환],1091B020,체외충격파치료[근골격계질환],20250903,99991231,28000,100000
체외충격파치료,JDQ4MTg4MSM1MSMkMSMkMCMkMTMkMzgxMTkxIzExIyQxIyQ3IyQ3MiQyNjEwMDIjNDEjJDEjJDQjJDgz,의성한방병원,92,한방병원,서울,도봉구,SZ0840000,처치 및 수술료(근골)/체외충격파치료[근골격계질환],1091B020,체외충격파치료[근골격계질환],20250903,99991231,30000,50000
체외충격파치료,JDQ4MTg4MSM1MSMkMSMkOCMkMTMkMzgxMTkxIzExIyQxIyQzIyQ3OSQyNjE0ODEjNjEjJDEjJDgjJDgz,일로한방병원,92,한방병원,서울,구로구,SZ0840000,처치 및 수술료(근골)/체외충격파치료[근골격계질환],1091B020,체외충격파치료[근골격계질환],20250903,99991231,50000,50000
체외충격파치료,JDQ4MTg4MSM1MSMkMSMkMCMkMTMkMzgxMTkxIzExIyQxIyQzIyQ3MiQyNjEwMDIjNTEjJDEjJDYjJDgz,자생한방병원,92,한방병원,서울,강남구,SZ0840000,처치 및 수술료(근골)/체외충격파치료[근골격계질환],1091B020,체외충격파치료[근골격계질환],20250903,99991231,86500,100000
체외충격파치료,JDQ4MTg4MSM1MSMkMSMkMCMkMTMkMzgxMTkxIzIxIyQxIyQxIyQ4OSQzNjEwMDIjNDEjJDEjJDQjJDgz,자향한방병원,92,한방병원,서울,도봉구,SZ0840000,처치 및 수술료(근골)/체외충격파치료[근골격계질환],1091B020,체외충격파치료[근골격계질환],20250903,99991231,50000,80000
체외충격파치료,JDQ4MTg4MSM1MSMkMSMkMCMkMTMkMzgxMTkxIzExIyQyIyQ3IyQwMCQyNjEwMDIjNjEjJDEjJDQjJDgz,잠실자생한방병원,92,한방병원,서울,송파구,SZ0840000,처치 및 수술료(근골)/체외충격파치료[근골격계질환],1091B020,체외충격파치료[근골격계질환],20250903,99991231,54100,75600
체외충격파치료,JDQ4MTg4MSM1MSMkMSMkMCMkMTMkMzgxMTkxIzExIyQxIyQ3IyQ5OSQzNjEwMDIjNDEjJDEjJDgjJDgz,장덕한방병원,92,한방병원,서울,서초구,SZ0840000,처치 및 수술료(근골)/체외충격파치료[근골격계질환],1091B020,체외충격파치료[근골격계질환],20250903,99991231,100000,100000
체외충격파치료,JDQ4MTg4MSM1MSMkMSMkMCMkMTMkMzgxMTkxIzExIyQxIyQzIyQ3OSQ0NjE0ODEjNjEjJDEjJDAjJDgz,재단법인 동국한방병원,92,한방병원,서울,서초구,SZ0840000,처치 및 수술료(근골)/체외충격파치료[근골격계질환],1091B020,체외충격파치료[근골격계질환],20251017,99991231,50000,150000
체외충격파치료,JDQ4MTg4MSM1MSMkMSMkMCMkMTMkMzgxMTkxIzExIyQxIyQ3IyQ5OSQzNjE4MzIjNzEjJDEjJDgjJDgz,참잘함한방병원,92,한방병원,서울,강동구,SZ0840000,처치 및 수술료(근골)/체외충격파치료[근골격계질환],1091B020,체외충격파치료[근골격계질환],20250903,99991231,80000,160000
체외충격파치료,JDQ4MTg4MSM1MSMkMSMkMCMkMTMkMzgxMTkxIzIxIyQxIyQxIyQ5OSQ0NjE0ODEjNDEjJDEjJDgjJDgz,치유본한방병원,92,한방병원,서울,강서구,SZ0840000,처치 및 수술료(근골)/체외충격파치료[근골격계질환],1091B020,체외충격파치료[근골격계질환],20250903,99991231,70000,70000
체외충격파치료,JDQ4MTg4MSM1MSMkMSMkMCMkMTMkMzgxMTkxIzExIyQxIyQ3IyQ5MiQyNjE4MzIjNDEjJDEjJDgjJDgz,치유본한방병원,92,한방병원,서울,관악구,SZ0840000,처치 및 수술료(근골)/체외충격파치료[근골격계질환],1091B020,체외충격파치료[근골격계질환],20250903,99991231,50000,80000
체외충격파치료,JDQ4MTg4MSM1MSMkMSMkMCMkMTMkMzgxMTkxIzExIyQxIyQ3IyQwMyQyNjEwMDIjNDEjJDEjJDgjJDgz,치휴한방병원,92,한방병원,서울,강남구,SZ0840000,처치 및 수술료(근골)/체외충격파치료[근골격계질환],1091B020,체외충격파치료[근골격계질환],20250903,99991231,80000,160000
체외충격파치료,JDQ4MTg4MSM1MSMkMSMkMCMkMTMkMzgxMTkxIzExIyQxIyQ3IyQ4MiQzNjEwMDIjNDEjJDEjJDQjJDgz,한마음한방병원,92,한방병원,서울,성북구,SZ0840000,처치 및 수술료(근골)/체외충격파치료[근골격계질환],1091B020,체외충격파치료[근골격계질환],20250903,99991231,50000,50000
체외충격파치료,JDQ4MTg4MSM1MSMkMSMkMCMkMTMkMzgxMTkxIzExIyQxIyQzIyQ5OSQzNjE4MzIjNDEjJDEjJDgjJDgz,혜당한방병원,92,한방병원,서울,마포구,SZ0840000,처치 및 수술료(근골)/체외충격파치료[근골격계질환],1091B020,체외충격파치료[근골격계질환],20250903,99991231,60000,60000
체외충격파치료,JDQ4MTg4MSM1MSMkMSMkMCMkMTMkMzgxMTkxIzIxIyQxIyQxIyQ3OSQzNjEyMjIjNDEjJDEjJDgjJDgz,희성한방병원,92,한방병원,서울,도봉구,SZ0840000,처치 및 수술료(근골)/체외충격파치료[근골격계질환],1091B020,체외충격파치료[근골격계질환],20250903,99991231,70000,70000
체외충격파치료,JDQ4MTg4MSM1MSMkMSMkMCMkMTMkMzgxMTkxIzExIyQxIyQ3IyQwMyQzNjE0ODEjNjEjJDEjJDgjJDgz,힘찬경희생생한방병원,92,한방병원,서울,양천구,SZ0840000,처치 및 수술료(근골)/체외충격파치료[근골격계질환],1091B020,체외충격파치료[근골격계질환],20250903,99991231,50000,200000
체외충격파치료,JDQ4MTg4MSM1MSMkMSMkMCMkMTMkMzgxMTkxIzExIyQxIyQ3IyQ2MiQzNjEyMjIjNTEjJDEjJDYjJDgz,힘찬하나로한방병원,92,한방병원,서울,강서구,SZ0840000,처치 및 수술료(근골)/체외충격파치료[근골격계질환],1091B020,체외충격파치료[근골격계질환],20250903,99991231,50000,100000
